anon_polygon_id,date,primary_ndvi_pred
AOI-0001,2010-08-29,0.21069910612565942
AOI-0001,2010-10-25,0.18429162046690145
AOI-0001,2011-06-13,0.6843365179834252
AOI-0001,2011-09-18,0.27389354265600985
AOI-0001,2011-09-26,0.25041870206412153
AOI-0001,2011-09-30,0.3412943896492598
AOI-0001,2012-05-24,0.727623379919254
AOI-0001,2012-07-09,0.2201237504719124
AOI-0001,2012-07-11,0.2690702430829058
AOI-0001,2012-08-10,0.17163168218835573
AOI-0001,2012-08-12,0.2140308546503459
AOI-0001,2012-10-15,0.35614374401972126
AOI-0001,2013-05-01,0.8069020551806008
AOI-0001,2013-07-12,0.2806406386128585
AOI-0001,2013-09-30,0.5622290242103041
AOI-0001,2014-04-18,0.21566253722606693
AOI-0001,2014-05-25,0.5514937092634682
AOI-0001,2014-06-26,0.8271312379737954
AOI-0001,2014-07-15,0.7561419955071614
AOI-0001,2014-07-28,0.6719586566039085
AOI-0001,2014-08-09,0.44358564155168856
AOI-0001,2014-08-13,0.39037900583215907
AOI-0001,2014-10-03,0.2112618390797632
AOI-0001,2014-10-16,0.2904934706024039
AOI-0001,2015-04-13,0.46014272999867417
AOI-0001,2015-08-11,0.20471354854342685
AOI-0001,2015-08-12,0.2029148825914583
AOI-0001,2015-08-27,0.18817611509871515
AOI-0001,2015-09-20,0.15925302874212205
AOI-0001,2015-09-28,0.17673984268540988
AOI-0001,2016-06-27,0.33345231691805577
AOI-0001,2016-07-04,0.3154466141687256
AOI-0001,2016-07-20,0.33313674455876946
AOI-0001,2016-07-27,0.3653815849108684
AOI-0001,2016-08-29,0.27085477918082473
AOI-0001,2016-08-30,0.26428994853894733
AOI-0001,2016-09-15,0.34603085361745856
AOI-0001,2016-09-29,0.8675518108280935
AOI-0001,2017-05-12,0.7064216563914003
AOI-0001,2017-06-29,0.5240024088320031
AOI-0001,2017-07-12,0.4469867922785599
AOI-0001,2017-08-09,0.2943129563465396
AOI-0001,2017-08-29,0.24884707558628766
AOI-0001,2017-09-08,0.22553255947815487
AOI-0001,2017-09-14,0.23384783049139388
AOI-0001,2018-04-05,0.4534239818325564
AOI-0001,2018-04-23,0.728982613849548
AOI-0001,2018-05-01,0.7991897495100788
AOI-0001,2018-06-08,0.6190203154359215
AOI-0001,2018-07-12,0.21559826606045093
AOI-0001,2018-09-28,0.21201309629707693
AOI-0001,2018-10-13,0.190259045255369
AOI-0001,2019-05-11,0.5311578345533228
AOI-0001,2019-05-31,0.7079417970313062
AOI-0001,2019-06-04,0.6986233144052504
AOI-0001,2019-06-05,0.6969147839940637
AOI-0001,2019-06-25,0.3997468584578974
AOI-0001,2019-07-12,0.39565526885940555
AOI-0001,2019-07-22,0.40823853063485077
AOI-0001,2019-07-29,0.4217908838141015
AOI-0001,2019-08-30,0.23145070360402645
AOI-0001,2019-09-07,0.22305520483470237
AOI-0001,2019-09-08,0.21611956812167868
AOI-0001,2019-09-18,0.18436178429544808
AOI-0001,2020-04-03,0.5387574867303915
AOI-0001,2020-04-26,0.6785005824342732
AOI-0001,2020-05-30,0.8425089984293241
AOI-0001,2020-06-09,0.8130658953669809
AOI-0001,2020-07-14,0.19070710538633917
AOI-0001,2020-07-23,0.21623633343058218
AOI-0001,2020-07-27,0.19954917168828643
AOI-0001,2020-08-08,0.22792991767837206
AOI-0001,2020-09-01,0.27081055241976915
AOI-0001,2020-09-02,0.27507584341968544
AOI-0001,2020-09-12,0.23247348035398538
AOI-0001,2020-09-22,0.22552734746120962
AOI-0001,2020-09-29,0.2583291358551475
AOI-0001,2020-10-11,0.18664832386123262
AOI-0001,2020-10-12,0.1870018349181633
AOI-0001,2020-10-19,0.17991074128463141
AOI-0001,2021-05-15,0.501664713936099
AOI-0001,2021-05-20,0.473480324206302
AOI-0001,2021-06-10,0.41133292391988574
AOI-0001,2021-07-02,0.6318738907691824
AOI-0001,2021-07-24,0.6549917284717343
AOI-0001,2021-09-17,0.21818402887670374
AOI-0001,2022-04-25,0.5885503805273097
AOI-0001,2022-06-03,0.7603337546826893
AOI-0001,2022-09-02,0.24944493094827835
AOI-0001,2022-09-30,0.25950972018067586
AOI-0001,2022-10-01,0.26459251658637994
AOI-0001,2022-10-17,0.23283851962179794
AOI-0001,2023-05-25,0.8214258666800199
AOI-0001,2023-06-23,0.7529567367735451
AOI-0001,2023-07-15,0.24853677763294127
AOI-0001,2023-07-29,0.20170159501623453
AOI-0001,2023-08-03,0.25968039774178653
AOI-0001,2023-08-08,0.23721564765612912
AOI-0001,2023-08-13,0.2511258644542456
AOI-0001,2023-08-17,0.25632365777065197
AOI-0001,2023-08-28,0.2230623304418095
AOI-0001,2023-08-29,0.24151068723784985
AOI-0001,2023-09-12,0.23086403610881803
AOI-0001,2024-04-06,0.723494311882538
AOI-0001,2024-05-24,0.8083603585688124
AOI-0001,2024-06-01,0.8137330180446377
AOI-0001,2024-06-03,0.7785790974800073
AOI-0001,2024-06-09,0.6669699161485779
AOI-0001,2024-06-13,0.5742783160336524
AOI-0001,2024-06-17,0.5258362498117553
AOI-0001,2024-06-23,0.3996169500164372
AOI-0001,2024-06-25,0.4023870187728805
AOI-0001,2024-07-03,0.32685412612135295
AOI-0001,2024-09-11,0.1769162749377296
AOI-0001,2024-09-13,0.19982156416125535
AOI-0001,2024-09-16,0.17724676934539157
AOI-0001,2024-09-29,0.2204831390283725
AOI-0001,2025-04-23,0.39963471938258127
AOI-0001,2025-05-03,0.3267556186365471
AOI-0001,2025-06-03,0.4748469029660951
AOI-0001,2025-06-27,0.6850009031329362
AOI-0001,2025-07-05,0.601722418276889
AOI-0001,2025-07-12,0.44372639758842647
AOI-0001,2025-07-13,0.4207396175284385
AOI-0001,2025-07-23,0.4640705314984026
AOI-0001,2025-07-28,0.3988205234088806
AOI-0001,2025-07-29,0.3844159587485945
AOI-0001,2025-08-02,0.3389733641771619
AOI-0001,2025-10-28,0.20478848819845694
AOI-0002,2025-05-03,0.8159933467454672
AOI-0002,2025-06-03,0.6160784105434594
AOI-0002,2025-06-26,0.4033838160608342
AOI-0002,2025-07-29,0.2217907985914655
AOI-0002,2025-08-02,0.2019952013046163
AOI-0002,2025-08-13,0.2175586338918671
AOI-0002,2025-08-19,0.19229833547767336
AOI-0003,2025-04-01,0.5425602137529559
AOI-0003,2025-04-18,0.8280412040524341
AOI-0003,2025-04-19,0.8323872641567153
AOI-0003,2025-05-06,0.8595843442993986
AOI-0003,2025-06-04,0.7494961895472362
AOI-0003,2025-06-13,0.6367902221057105
AOI-0003,2025-07-07,0.21437916376538874
AOI-0003,2025-07-13,0.19889300099826704
AOI-0003,2025-07-15,0.2119121879066822
AOI-0003,2025-08-04,0.18411880178466378
AOI-0003,2025-08-07,0.23644733789083067
AOI-0003,2025-08-14,0.18676889829260246
AOI-0003,2025-08-22,0.17676974058170852
AOI-0003,2025-08-23,0.18158222044568884
AOI-0004,2025-04-23,0.6590126566876928
AOI-0004,2025-05-04,0.6233318042942552
AOI-0004,2025-05-24,0.6965687367636779
AOI-0004,2025-05-25,0.7138725881303085
AOI-0004,2025-06-30,0.6230819520009141
AOI-0004,2025-07-12,0.5182078874163586
AOI-0004,2025-07-23,0.4875255546185159
AOI-0004,2025-08-02,0.4427113237122246
AOI-0004,2025-09-14,0.34183639402861704
AOI-0004,2025-09-23,0.3492379593781738
AOI-0005,2025-05-01,0.6238377179126535
AOI-0005,2025-05-03,0.6257823835705714
AOI-0005,2025-05-14,0.5308572262511693
AOI-0005,2025-06-11,0.5789377597739783
AOI-0005,2025-07-21,0.3777357478845502
AOI-0005,2025-08-17,0.3410614267294409
AOI-0005,2025-09-01,0.2799007808428707
AOI-0006,2025-04-01,0.1674219413861844
AOI-0006,2025-05-09,0.2931294512793501
AOI-0006,2025-05-25,0.43622342066420416
AOI-0006,2025-07-28,0.42923888254195014
AOI-0006,2025-08-09,0.33029977926049037
AOI-0006,2025-08-22,0.29670748615783793
AOI-0006,2025-08-30,0.2164511442683144
AOI-0006,2025-09-07,0.18886965206736286
AOI-0006,2025-10-28,0.21445642881815782
AOI-0007,2025-04-01,0.23382900445248372
AOI-0007,2025-04-18,0.2713458866082161
AOI-0007,2025-04-29,0.39767756571756857
AOI-0007,2025-05-01,0.39673224630951204
AOI-0007,2025-06-26,0.2529879158790324
AOI-0007,2025-07-28,0.1522856907864547
AOI-0007,2025-08-13,0.1817639196975504
AOI-0007,2025-08-14,0.16982468964589506
AOI-0007,2025-08-16,0.1878083532898569
AOI-0007,2025-09-11,0.17740450943635935
AOI-0007,2025-09-26,0.17455974395615503
AOI-0008,2025-04-17,0.7628129127853182
AOI-0008,2025-04-24,0.8122846924476077
AOI-0008,2025-05-19,0.8589214310980704
AOI-0008,2025-07-08,0.21662832373285745
AOI-0008,2025-07-15,0.199897627765783
AOI-0008,2025-07-17,0.20986426897359073
AOI-0008,2025-08-13,0.20372542196275642
AOI-0008,2025-09-01,0.16909325837156114
AOI-0008,2025-09-30,0.21122720221681962
AOI-0008,2025-10-16,0.23442155877960874
AOI-0009,2025-04-01,0.6339772339894721
AOI-0009,2025-04-23,0.8572693116814338
AOI-0009,2025-05-04,0.8729577806197522
AOI-0009,2025-06-30,0.23419401075722612
AOI-0009,2025-07-05,0.21351353519949923
AOI-0009,2025-07-10,0.151278778588268
AOI-0009,2025-07-25,0.17237733298044103
AOI-0009,2025-08-12,0.15484796831310083
AOI-0009,2025-08-17,0.20241019179891823
AOI-0009,2025-08-22,0.189361069948101
AOI-0009,2025-08-24,0.18227305270710684
AOI-0009,2025-09-14,0.20873467826140338
AOI-0009,2025-09-16,0.18672788373899263
AOI-0009,2025-09-25,0.17982366008087317
AOI-0009,2025-10-03,0.16604650625671158
AOI-0010,2010-06-19,0.3475506427883162
AOI-0010,2010-08-06,0.2430664228272981
AOI-0010,2010-08-22,0.22868669266461028
AOI-0010,2011-06-14,0.4558420834151703
AOI-0010,2011-07-12,0.30376707372396955
AOI-0010,2011-08-09,0.24905066066595055
AOI-0010,2011-08-13,0.24695279681423998
AOI-0010,2011-09-10,0.22299428600960924
AOI-0010,2012-04-13,0.2862617819284876
AOI-0010,2012-08-03,0.22972316758818379
AOI-0010,2013-04-16,0.6744537467421844
AOI-0010,2013-05-25,0.7089005703292315
AOI-0010,2013-06-26,0.29693687587438017
AOI-0010,2013-07-12,0.2671101209866126
AOI-0010,2014-05-29,0.593204176576538
AOI-0010,2014-06-06,0.4803276935434907
AOI-0010,2014-06-10,0.42453857693226627
AOI-0010,2014-08-29,0.21647711014930898
AOI-0010,2014-09-30,0.22779511182410805
AOI-0010,2015-04-07,0.3502263145629724
AOI-0010,2015-04-14,0.2573912453194366
AOI-0010,2015-05-25,0.3577406442228276
AOI-0010,2015-10-07,0.18228511224313954
AOI-0010,2016-07-27,0.3110782838411354
AOI-0010,2016-08-12,0.26247754694900605
AOI-0010,2016-09-13,0.25070751935192065
AOI-0010,2017-04-03,0.3901253392825101
AOI-0010,2017-04-07,0.48079657430312905
AOI-0010,2017-08-01,0.13994491318947452
AOI-0010,2017-08-04,0.13389405652124448
AOI-0010,2017-08-13,0.18049516362547072
AOI-0010,2017-08-29,0.2008634698341959
AOI-0010,2018-05-16,0.8066020553583966
AOI-0010,2018-07-28,0.22644285602466016
AOI-0010,2018-08-28,0.15686973834114556
AOI-0010,2018-09-14,0.20910900626773227
AOI-0010,2019-04-06,0.47273451085202356
AOI-0010,2019-04-28,0.732270230504132
AOI-0010,2019-05-19,0.8252281052509721
AOI-0010,2019-06-20,0.20991111702467108
AOI-0010,2019-06-26,0.1962604827263257
AOI-0010,2019-06-27,0.18103924649242253
AOI-0010,2019-07-20,0.18080805650288
AOI-0010,2019-08-13,0.23973035261438563
AOI-0010,2019-08-19,0.1839549054404972
AOI-0010,2019-08-21,0.17906723062183905
AOI-0010,2019-09-23,0.20883706461081158
AOI-0010,2020-06-06,0.3716929406615146
AOI-0010,2020-06-09,0.35275768289147885
AOI-0010,2020-07-16,0.16377433400713964
AOI-0010,2020-07-19,0.1622883314411929
AOI-0010,2020-07-26,0.17938659346031655
AOI-0010,2020-07-31,0.1795632705965629
AOI-0010,2020-09-09,0.1868137930850421
AOI-0010,2020-09-13,0.23362589550472845
AOI-0010,2020-09-19,0.16196999563566808
AOI-0010,2020-09-27,0.17103281457283692
AOI-0010,2021-05-05,0.41895573271209613
AOI-0010,2021-05-09,0.5102013579473592
AOI-0010,2021-07-28,0.2657373541675757
AOI-0010,2021-08-05,0.22498779943143382
AOI-0010,2021-09-04,0.33170839105149624
AOI-0010,2021-09-17,0.31844350750761286
AOI-0010,2021-10-27,0.3485810535650406
AOI-0010,2022-06-06,0.6593819532665189
AOI-0010,2022-06-10,0.6400667971111552
AOI-0010,2022-06-11,0.6235275266892536
AOI-0010,2022-07-17,0.25054597595285255
AOI-0010,2022-07-28,0.2872748167535771
AOI-0010,2022-09-08,0.2606754883685289
AOI-0010,2023-04-02,0.4498151918668105
AOI-0010,2023-04-27,0.6668439986620663
AOI-0010,2023-06-08,0.6811046813230982
AOI-0010,2023-06-16,0.5565328889433796
AOI-0010,2023-08-23,0.25802799243256763
AOI-0010,2023-08-30,0.2054767348643373
AOI-0010,2023-09-19,0.2515847080841513
AOI-0010,2024-04-04,0.5642264037291351
AOI-0010,2024-04-26,0.732654749860541
AOI-0010,2024-05-08,0.7880874676855506
AOI-0010,2024-05-21,0.7315876275315929
AOI-0010,2024-06-18,0.2597015798457062
AOI-0010,2024-06-20,0.2438557777798082
AOI-0010,2024-07-08,0.20341159613087983
AOI-0010,2024-07-15,0.2000135658617689
AOI-0010,2024-08-12,0.22017934307510303
AOI-0010,2024-09-06,0.21052061697234656
AOI-0010,2024-09-28,0.2011816316854342
AOI-0010,2024-10-01,0.19733512096894693
AOI-0010,2024-10-15,0.24377551152058513
AOI-0010,2024-10-23,0.20380181403588313
AOI-0010,2025-04-16,0.4392170101824122
AOI-0010,2025-04-18,0.4612458944673273
AOI-0010,2025-05-09,0.7524444252864597
AOI-0010,2025-06-05,0.537861172798404
AOI-0010,2025-06-07,0.47824969495419384
AOI-0010,2025-06-28,0.1944988335744831
AOI-0010,2025-07-05,0.1714813084954343
AOI-0010,2025-07-06,0.18475979412344937
AOI-0010,2025-07-07,0.2089027400221765
AOI-0010,2025-07-25,0.15932304815896478
AOI-0010,2025-07-30,0.16605938585419378
AOI-0010,2025-08-16,0.20475581345722915
AOI-0010,2025-08-27,0.18775490416001608
AOI-0010,2025-09-16,0.22807570428858065
AOI-0010,2025-09-30,0.2632509319879677
AOI-0010,2025-10-05,0.23717499546141813
AOI-0011,2025-04-07,0.6560432048531639
AOI-0011,2025-04-17,0.7672242643998638
AOI-0011,2025-04-23,0.8470145938811247
AOI-0011,2025-04-28,0.8420623102552217
AOI-0011,2025-05-24,0.8159954054663341
AOI-0011,2025-06-03,0.5833890630474353
AOI-0011,2025-07-12,0.2448296636537643
AOI-0011,2025-08-06,0.21884700916136132
AOI-0011,2025-08-14,0.2190599546136257
AOI-0011,2025-08-19,0.22641964885792154
AOI-0011,2025-08-27,0.18578933084994817
AOI-0011,2025-09-30,0.23816468294214116
AOI-0011,2025-10-03,0.1809389267917701
AOI-0011,2025-10-05,0.1737797519537391
AOI-0012,2025-04-01,0.21767901388190541
AOI-0012,2025-04-28,0.507525653132677
AOI-0012,2025-05-16,0.7722995529418363
AOI-0012,2025-06-03,0.6288362180035847
AOI-0012,2025-06-05,0.5478260889945255
AOI-0012,2025-06-15,0.24090783407581448
AOI-0012,2025-06-26,0.19569016483099247
AOI-0012,2025-07-10,0.15967431037947255
AOI-0012,2025-07-18,0.15779044725843974
AOI-0012,2025-07-30,0.1559741285004762
AOI-0013,2010-04-16,0.7096900292851237
AOI-0013,2010-06-10,0.3824998251120516
AOI-0013,2010-06-19,0.41160199181624946
AOI-0013,2010-10-24,0.24314306413530817
AOI-0013,2011-04-18,0.23134618781960917
AOI-0013,2011-04-26,0.2222537450607903
AOI-0013,2012-05-08,0.5226689445200925
AOI-0013,2012-06-23,0.5901461439618576
AOI-0013,2012-08-12,0.457788003319339
AOI-0013,2013-04-16,0.28697292126221235
AOI-0013,2013-04-24,0.2895353358611475
AOI-0013,2013-05-02,0.346558929792236
AOI-0013,2013-05-09,0.4840232014019474
AOI-0013,2013-06-11,0.4927944573982448
AOI-0013,2013-07-12,0.5016269833349204
AOI-0013,2013-07-28,0.4706094832025794
AOI-0013,2014-05-29,0.4495292541233564
AOI-0013,2014-06-10,0.3973011209161624
AOI-0013,2014-07-28,0.39223642575110906
AOI-0013,2014-08-01,0.3671304610183277
AOI-0013,2014-08-08,0.3375566529264158
AOI-0013,2014-08-13,0.3794240728997283
AOI-0013,2015-05-09,0.5020104788687948
AOI-0013,2015-05-23,0.5125298471100789
AOI-0013,2015-07-12,0.5707942099399728
AOI-0013,2015-08-20,0.3538855796717911
AOI-0013,2015-10-07,0.2914789681830361
AOI-0013,2015-10-16,0.3639659999552517
AOI-0013,2016-05-09,0.4327590521220006
AOI-0013,2016-05-10,0.4257398202579531
AOI-0013,2016-08-12,0.6297217227079854
AOI-0013,2016-08-21,0.6851287805530382
AOI-0013,2016-09-13,0.6208735789641828
AOI-0013,2016-10-09,0.4772972212458656
AOI-0013,2017-04-11,0.27766489469678296
AOI-0013,2017-04-28,0.36026635693644643
AOI-0013,2017-05-01,0.37382682687030133
AOI-0013,2017-05-21,0.5687258306193641
AOI-0013,2017-05-29,0.5756601971659618
AOI-0013,2017-06-30,0.6767759543183169
AOI-0013,2017-07-27,0.49656545277897046
AOI-0013,2017-08-08,0.4702031796871672
AOI-0013,2017-08-24,0.4390484697815328
AOI-0013,2017-09-13,0.4337199383439059
AOI-0013,2017-09-17,0.4833799645496153
AOI-0013,2017-09-30,0.47245350179081447
AOI-0013,2018-05-25,0.4351603778471853
AOI-0013,2018-06-08,0.43663045504327486
AOI-0013,2018-06-15,0.36989472531910955
AOI-0013,2018-07-12,0.3752562130942034
AOI-0013,2018-08-13,0.41696603774736873
AOI-0013,2018-08-27,0.43096578315192813
AOI-0013,2018-09-28,0.4199965147185236
AOI-0013,2018-10-06,0.3715033965261965
AOI-0013,2019-04-01,0.23223320234067077
AOI-0013,2019-05-06,0.4488355227389033
AOI-0013,2019-06-02,0.41392185333024034
AOI-0013,2019-06-05,0.45428188586957235
AOI-0013,2019-06-12,0.4658519819971761
AOI-0013,2019-06-25,0.43261848491366456
AOI-0013,2019-07-17,0.4891163354996324
AOI-0013,2019-07-28,0.5601719561676658
AOI-0013,2019-08-24,0.4574080748648575
AOI-0013,2019-08-31,0.5254826991822038
AOI-0013,2019-09-08,0.5062318715036416
AOI-0013,2019-09-13,0.46840955596092887
AOI-0013,2019-10-02,0.44416779973530757
AOI-0013,2019-10-10,0.537410838931488
AOI-0013,2019-10-17,0.3765731581497215
AOI-0013,2020-04-22,0.4454394320413251
AOI-0013,2020-05-12,0.39489893117494623
AOI-0013,2020-06-24,0.4518666762383631
AOI-0013,2020-06-26,0.4721523234893773
AOI-0013,2020-08-12,0.4767119929665985
AOI-0013,2020-08-15,0.42555725587492954
AOI-0013,2020-08-16,0.44242925153094503
AOI-0013,2020-08-20,0.42067666399642206
AOI-0013,2020-10-27,0.378262315622344
AOI-0013,2021-04-23,0.423391748316039
AOI-0013,2021-06-10,0.5561617156506269
AOI-0013,2021-06-11,0.5324735324718013
AOI-0013,2021-06-21,0.5130271568798263
AOI-0013,2021-07-12,0.5320376736222547
AOI-0013,2021-07-14,0.5428092124319678
AOI-0013,2021-08-20,0.5054416680974815
AOI-0013,2021-10-14,0.4058425227733248
AOI-0013,2021-10-16,0.46661701002742617
AOI-0013,2022-04-02,0.5063923845564432
AOI-0013,2022-04-17,0.5695919069986147
AOI-0013,2022-04-24,0.55553520537158
AOI-0013,2022-04-25,0.543787853049858
AOI-0013,2022-06-10,0.45291320032688315
AOI-0013,2022-06-16,0.4299502833914815
AOI-0013,2022-06-26,0.42891279460493886
AOI-0013,2022-07-05,0.5130917856714192
AOI-0013,2022-07-17,0.5678465996460953
AOI-0013,2022-07-22,0.5576401890900711
AOI-0013,2022-08-14,0.5504594423009959
AOI-0013,2022-09-14,0.4912617881602202
AOI-0013,2022-10-07,0.3819605737261288
AOI-0013,2022-10-14,0.37120570752886917
AOI-0013,2023-04-10,0.45606612084676407
AOI-0013,2023-06-21,0.5384812105731716
AOI-0013,2023-06-29,0.5437030177399579
AOI-0013,2023-07-06,0.5256866425805728
AOI-0013,2023-07-12,0.5054049465340875
AOI-0013,2023-07-24,0.5341218796624322
AOI-0013,2023-08-05,0.5477113024896691
AOI-0013,2023-08-20,0.5131817630317096
AOI-0013,2023-08-23,0.5108557838172553
AOI-0013,2023-08-26,0.5114420464652427
AOI-0013,2023-09-11,0.5376478119678071
AOI-0013,2023-09-14,0.5378691769147399
AOI-0013,2023-09-24,0.48334970943799144
AOI-0013,2023-10-05,0.46576682758267585
AOI-0013,2023-10-14,0.39872040032916456
AOI-0013,2023-10-17,0.368907180582696
AOI-0013,2023-10-19,0.34394327968163657
AOI-0013,2024-04-26,0.4434525748386293
AOI-0013,2024-05-04,0.4998741817887432
AOI-0013,2024-05-23,0.5299379231511169
AOI-0013,2024-05-24,0.5340994391802305
AOI-0013,2024-06-30,0.549998201582747
AOI-0013,2024-07-02,0.5590278427882898
AOI-0013,2024-07-11,0.48905633313216695
AOI-0013,2024-07-26,0.47350384507234644
AOI-0013,2024-07-27,0.4709255166019026
AOI-0013,2024-08-09,0.5081210870570747
AOI-0013,2024-08-11,0.5164101002154244
AOI-0013,2024-09-03,0.5055479848365013
AOI-0013,2024-09-06,0.5135655075169339
AOI-0013,2024-09-26,0.4759966557124789
AOI-0013,2024-10-08,0.4051978827471064
AOI-0013,2025-04-01,0.43159560053267565
AOI-0013,2025-04-28,0.500748348483327
AOI-0013,2025-05-16,0.49684705426735276
AOI-0013,2025-05-19,0.4999831176536516
AOI-0013,2025-05-24,0.5088322947119082
AOI-0013,2025-07-07,0.5041643257522798
AOI-0013,2025-07-08,0.5054613743339016
AOI-0013,2025-07-14,0.5055759746372449
AOI-0013,2025-07-21,0.5237583661982258
AOI-0013,2025-07-27,0.5532616258166142
AOI-0013,2025-08-15,0.49447449839551716
AOI-0013,2025-09-03,0.492156804741128
AOI-0013,2025-09-07,0.5226371115539922
AOI-0014,2010-04-07,0.5196575140311607
AOI-0014,2010-04-24,0.6986753051439805
AOI-0014,2010-06-10,0.7734741753095984
AOI-0014,2010-09-23,0.1966887078935841
AOI-0014,2011-04-19,0.2045257498569909
AOI-0014,2011-04-26,0.23540970922008386
AOI-0014,2011-05-09,0.5386983132229568
AOI-0014,2011-05-28,0.6676135224838905
AOI-0014,2011-06-14,0.7898911571994883
AOI-0014,2011-08-01,0.4360012123805524
AOI-0014,2011-09-14,0.23697290338523808
AOI-0014,2011-09-17,0.1911066066196258
AOI-0014,2011-10-27,0.29729642257739636
AOI-0014,2012-05-06,0.6876180810359246
AOI-0014,2012-06-25,0.3109538509889571
AOI-0014,2012-08-28,0.22093914822684105
AOI-0014,2012-09-04,0.19318231521634394
AOI-0014,2012-09-11,0.1978406873314283
AOI-0014,2012-09-27,0.1841959871403075
AOI-0014,2013-05-09,0.4070607342398799
AOI-0014,2013-06-11,0.5616843826562204
AOI-0014,2013-06-19,0.6659691039305439
AOI-0014,2013-07-28,0.7222674074274054
AOI-0014,2013-09-14,0.3260359787342941
AOI-0014,2013-09-23,0.25820884309829795
AOI-0014,2014-06-26,0.39118201709644296
AOI-0014,2014-06-29,0.3611877503130694
AOI-0014,2014-08-17,0.21283107600769913
AOI-0014,2014-09-30,0.27904481014613636
AOI-0014,2014-10-27,0.1828575129642712
AOI-0014,2015-04-14,0.33658918825355366
AOI-0014,2015-06-16,0.5850008042368937
AOI-0014,2015-06-26,0.3937727723722642
AOI-0014,2015-07-12,0.3898932996482162
AOI-0014,2015-07-27,0.30526196991206656
AOI-0014,2015-08-28,0.20301188629985195
AOI-0014,2016-04-22,0.32777597204643333
AOI-0014,2016-05-09,0.3499395374934883
AOI-0014,2016-06-03,0.5768083660422781
AOI-0014,2016-06-19,0.8361835546905645
AOI-0014,2016-08-13,0.42961719228721007
AOI-0014,2016-08-30,0.3188358336757546
AOI-0014,2017-04-26,0.7604705363543377
AOI-0014,2017-04-28,0.7926842123040397
AOI-0014,2017-05-21,0.8792299361091988
AOI-0014,2017-05-29,0.8598069313655491
AOI-0014,2017-07-23,0.25473150214725004
AOI-0014,2017-07-31,0.16014219149993625
AOI-0014,2017-08-06,0.13886111492239145
AOI-0014,2017-08-21,0.17189032284034841
AOI-0014,2017-09-10,0.17403005113960976
AOI-0014,2017-09-30,0.21608170172719315
AOI-0014,2017-10-08,0.18981590092198777
AOI-0014,2018-04-07,0.5534426332010742
AOI-0014,2018-05-03,0.8018199852499946
AOI-0014,2018-06-24,0.23494701889431818
AOI-0014,2018-07-18,0.1937528912516855
AOI-0014,2018-08-27,0.20295854983817196
AOI-0014,2018-10-06,0.17042196515187955
AOI-0014,2019-04-01,0.1910196139378798
AOI-0014,2019-04-21,0.22600187972414548
AOI-0014,2019-05-01,0.2288484976902618
AOI-0014,2019-05-09,0.38397102381555526
AOI-0014,2019-05-27,0.715976487051595
AOI-0014,2019-05-28,0.7163745142346823
AOI-0014,2019-06-04,0.7822253146435049
AOI-0014,2019-06-11,0.847533931421214
AOI-0014,2019-06-15,0.8498910262587746
AOI-0014,2019-06-22,0.7909050721088207
AOI-0014,2019-07-06,0.5496828306924688
AOI-0014,2019-08-14,0.3305705697416679
AOI-0014,2019-08-26,0.18719907105437697
AOI-0014,2020-04-06,0.6938966113193099
AOI-0014,2020-04-07,0.6792331867949523
AOI-0014,2020-04-17,0.7085984421696977
AOI-0014,2020-04-22,0.7399592698747771
AOI-0014,2020-04-25,0.6895966597126291
AOI-0014,2020-05-15,0.7294267133856581
AOI-0014,2020-05-17,0.7465962253614526
AOI-0014,2020-06-04,0.7005774364791745
AOI-0014,2020-06-25,0.26252015718419963
AOI-0014,2020-07-11,0.19573777991491637
AOI-0014,2020-07-27,0.1986197113099609
AOI-0014,2020-08-16,0.1818738826609387
AOI-0014,2020-09-09,0.16287634744174057
AOI-0014,2020-09-24,0.14917442664300223
AOI-0014,2021-04-07,0.3883032417048454
AOI-0014,2021-04-29,0.6573470141259167
AOI-0014,2021-05-25,0.8699888452361578
AOI-0014,2021-08-13,0.1700063171659707
AOI-0014,2021-08-18,0.18166669294415905
AOI-0014,2021-09-14,0.19444475528323757
AOI-0014,2021-10-12,0.18652089160410465
AOI-0014,2021-10-14,0.20915902340062814
AOI-0014,2022-05-15,0.3234529292877731
AOI-0014,2022-05-26,0.4127614423812183
AOI-0014,2022-05-27,0.36810508106338113
AOI-0014,2022-06-24,0.7687545515892487
AOI-0014,2022-07-14,0.8197845028073978
AOI-0014,2022-07-24,0.7990846379293561
AOI-0014,2022-08-22,0.30884586478202214
AOI-0014,2022-08-29,0.23477269893118616
AOI-0014,2022-09-02,0.19265562196212305
AOI-0014,2022-09-08,0.19389545870723607
AOI-0014,2022-09-14,0.21531065514262765
AOI-0014,2023-06-07,0.8402393456712133
AOI-0014,2023-08-10,0.14166154115224847
AOI-0014,2024-04-04,0.72286828116097
AOI-0014,2024-05-08,0.8664479186025966
AOI-0014,2024-05-09,0.8399036544872346
AOI-0014,2024-05-21,0.8324269272038752
AOI-0014,2024-05-23,0.8341180115057392
AOI-0014,2024-06-08,0.538084578333987
AOI-0014,2024-07-25,0.1827510014916088
AOI-0014,2024-08-11,0.16974255131919103
AOI-0014,2024-09-01,0.1645120452823934
AOI-0014,2024-09-08,0.16240264604690596
AOI-0014,2024-09-11,0.1575333590201879
AOI-0014,2024-09-18,0.15410882151474242
AOI-0014,2024-09-29,0.21954153257775272
AOI-0014,2024-10-07,0.17115840738841268
AOI-0014,2024-10-30,0.16708498861443818
AOI-0014,2025-04-23,0.2869915643160868
AOI-0014,2025-05-01,0.2120923905747468
AOI-0014,2025-05-27,0.3937742850383288
AOI-0014,2025-06-13,0.4549453441143844
AOI-0014,2025-08-12,0.17753841775235718
AOI-0014,2025-08-15,0.2657056811398303
AOI-0014,2025-08-24,0.23027529253145304
AOI-0014,2025-09-11,0.1644464874567137
AOI-0014,2025-09-14,0.22221198021941546
AOI-0014,2025-09-23,0.17737228718366158
AOI-0014,2025-09-24,0.179801281035253
AOI-0015,2025-05-04,0.32466641863554957
AOI-0015,2025-05-27,0.5210683370819102
AOI-0015,2025-06-07,0.4362807670503822
AOI-0015,2025-07-03,0.3979798477145784
AOI-0015,2025-07-05,0.3820860806333898
AOI-0015,2025-07-08,0.3264207185614623
AOI-0015,2025-07-13,0.23281316763589935
AOI-0015,2025-07-15,0.2630766487161921
AOI-0015,2025-07-18,0.25704666523049285
AOI-0015,2025-07-21,0.2557734511056317
AOI-0015,2025-07-23,0.27477244067601525
AOI-0015,2025-09-07,0.18999372294808298
AOI-0015,2025-10-13,0.22274302579761585
AOI-0015,2025-10-16,0.295418152508747
AOI-0015,2025-10-18,0.22772175209887824
AOI-0016,2025-04-19,0.26935321221139386
AOI-0016,2025-05-25,0.37389929126667043
AOI-0016,2025-06-11,0.5820553816097319
AOI-0016,2025-06-26,0.8287092017254812
AOI-0016,2025-07-10,0.8578089785114568
AOI-0016,2025-07-17,0.7391326880775526
AOI-0016,2025-07-18,0.7465420439776782
AOI-0016,2025-08-19,0.3946887186299482
AOI-0016,2025-08-29,0.3708426084456674
AOI-0016,2025-10-17,0.2181681371141763
AOI-0017,2010-06-10,0.6005560014473307
AOI-0017,2010-07-29,0.5605052727207993
AOI-0017,2010-09-23,0.33843311225790446
AOI-0017,2011-04-18,0.2797825884067502
AOI-0017,2011-09-17,0.5195827195951516
AOI-0017,2011-09-26,0.5166280780877228
AOI-0017,2011-09-30,0.5345470525939893
AOI-0017,2011-10-11,0.4916494425917887
AOI-0017,2011-10-27,0.4471701559670567
AOI-0017,2012-07-18,0.6025385150708593
AOI-0017,2012-07-27,0.5227814697633587
AOI-0017,2012-08-28,0.48719270735321196
AOI-0017,2012-09-29,0.45840649305140263
AOI-0017,2013-05-25,0.6148493327146991
AOI-0017,2013-07-12,0.5384323689508226
AOI-0017,2013-08-14,0.36107086422312984
AOI-0017,2013-09-14,0.6443454468018306
AOI-0017,2013-09-30,0.6770171205801778
AOI-0017,2013-10-09,0.6411873625546807
AOI-0017,2013-10-25,0.5682364312499952
AOI-0017,2014-04-23,0.6309906577471157
AOI-0017,2014-06-06,0.597338599127135
AOI-0017,2014-07-24,0.4562725933221793
AOI-0017,2014-10-04,0.35800636352051457
AOI-0017,2015-04-23,0.4740230379847632
AOI-0017,2015-04-30,0.4036995012000252
AOI-0017,2015-07-11,0.6651575141648353
AOI-0017,2015-07-27,0.591123050472461
AOI-0017,2015-08-03,0.5671915370278524
AOI-0017,2015-08-29,0.4566255960385525
AOI-0017,2015-10-16,0.4420883478552362
AOI-0017,2016-04-06,0.47881174159169104
AOI-0017,2016-04-07,0.4350090325279116
AOI-0017,2016-06-18,0.608910641620857
AOI-0017,2016-07-05,0.5455930218508342
AOI-0017,2016-07-27,0.6048549276426046
AOI-0017,2016-08-21,0.6049295862612045
AOI-0017,2016-09-15,0.5632562094356341
AOI-0017,2016-10-15,0.5588063856154442
AOI-0017,2016-10-17,0.5360003373036719
AOI-0017,2017-06-06,0.6333807314632512
AOI-0017,2017-07-31,0.620624282004317
AOI-0017,2017-08-01,0.6205640043617459
AOI-0017,2017-09-02,0.5869650909761043
AOI-0017,2018-04-05,0.4397916164501431
AOI-0017,2018-05-09,0.624571723545226
AOI-0017,2018-05-23,0.6396030608663754
AOI-0017,2018-06-20,0.5756693291442565
AOI-0017,2018-07-11,0.43694383058294617
AOI-0017,2018-07-12,0.4437821928660124
AOI-0017,2019-04-25,0.4483386089856907
AOI-0017,2019-04-28,0.488611124222679
AOI-0017,2019-05-13,0.5837572888587751
AOI-0017,2019-05-18,0.6256391791156247
AOI-0017,2019-05-28,0.6910445977095803
AOI-0017,2019-06-04,0.6381998594284649
AOI-0017,2019-06-12,0.6777316739819454
AOI-0017,2019-06-17,0.6599086669647144
AOI-0017,2019-07-17,0.6773770415239189
AOI-0017,2019-08-06,0.639457566739883
AOI-0017,2019-08-11,0.6327526398373907
AOI-0017,2019-08-24,0.429208158429995
AOI-0017,2019-08-29,0.5284291718488967
AOI-0017,2019-08-31,0.510060539502798
AOI-0017,2019-09-13,0.48425859337064897
AOI-0017,2020-04-25,0.3768059481490565
AOI-0017,2020-04-30,0.4592081997702786
AOI-0017,2020-05-08,0.6252052844089859
AOI-0017,2020-06-06,0.6400885178501567
AOI-0017,2020-06-26,0.5020922035281576
AOI-0017,2020-07-26,0.4078027671701354
AOI-0017,2020-08-18,0.4501065833361117
AOI-0017,2020-09-02,0.42762727920469173
AOI-0017,2020-09-04,0.4041303379596566
AOI-0017,2020-09-09,0.4248188836934069
AOI-0017,2020-09-10,0.4449723603596012
AOI-0017,2020-09-19,0.4767523056320872
AOI-0017,2020-10-12,0.3896863540584865
AOI-0017,2021-04-07,0.3228816205070968
AOI-0017,2021-05-20,0.5770434809008516
AOI-0017,2021-07-02,0.6325449397810119
AOI-0017,2021-08-29,0.5490428162603462
AOI-0017,2021-09-04,0.5307930667847209
AOI-0017,2021-09-27,0.5517094009909664
AOI-0017,2021-10-06,0.34462011820956195
AOI-0017,2021-10-27,0.5304246412967178
AOI-0017,2022-04-17,0.6271724580625162
AOI-0017,2022-04-23,0.671824644349719
AOI-0017,2022-05-26,0.6360348168426915
AOI-0017,2022-05-27,0.6231395820837841
AOI-0017,2022-06-03,0.6174223750987561
AOI-0017,2022-06-11,0.5893124640649506
AOI-0017,2022-06-30,0.6012453301008592
AOI-0017,2022-07-12,0.5787539678538511
AOI-0017,2022-07-19,0.5708802199226948
AOI-0017,2022-07-24,0.5433841796967671
AOI-0017,2022-08-07,0.5480700225319782
AOI-0017,2022-08-14,0.5367504643522153
AOI-0017,2022-08-15,0.526502252180391
AOI-0017,2022-08-23,0.5258543360611184
AOI-0017,2022-08-30,0.4840417335152738
AOI-0017,2022-09-17,0.4538765090779285
AOI-0017,2022-10-19,0.47773843474488725
AOI-0017,2023-04-02,0.442780338247359
AOI-0017,2023-05-06,0.618464091171913
AOI-0017,2023-06-11,0.661545093665694
AOI-0017,2023-06-19,0.6447411874512736
AOI-0017,2023-06-22,0.6399739209317725
AOI-0017,2023-07-24,0.6398717331000021
AOI-0017,2023-09-19,0.4823233276653042
AOI-0017,2023-10-12,0.2763872750883105
AOI-0017,2023-10-16,0.3368123796169115
AOI-0017,2023-10-21,0.32830082931785776
AOI-0017,2024-04-04,0.4600554922799879
AOI-0017,2024-06-05,0.3939141986633009
AOI-0017,2024-06-13,0.3194372102287122
AOI-0017,2024-06-28,0.31746408840487883
AOI-0017,2024-07-19,0.24292849559535787
AOI-0017,2024-08-22,0.25597540425388077
AOI-0017,2024-09-01,0.3121698643980486
AOI-0017,2024-09-21,0.29474692612512177
AOI-0017,2024-09-29,0.26997988858473126
AOI-0017,2024-10-08,0.21674515782088621
AOI-0017,2024-10-22,0.23363671777813205
AOI-0017,2025-05-04,0.8260115479660084
AOI-0017,2025-05-27,0.7381061068395258
AOI-0017,2025-06-07,0.6320490986264935
AOI-0017,2025-06-28,0.37193896298890955
AOI-0017,2025-07-07,0.30477609210721923
AOI-0017,2025-08-23,0.24795612598847883
AOI-0017,2025-09-01,0.26114905745937567
AOI-0017,2025-10-02,0.23793963971088447
AOI-0018,2025-04-19,0.8528695646601671
AOI-0018,2025-05-27,0.6596206145248835
AOI-0018,2025-06-13,0.3453864661459292
AOI-0018,2025-06-15,0.3526870180439822
AOI-0018,2025-07-05,0.26029217642688335
AOI-0018,2025-07-07,0.2758829775019914
AOI-0018,2025-07-14,0.2453517261260432
AOI-0018,2025-07-21,0.2506863680429857
AOI-0018,2025-08-19,0.17218769719207408
AOI-0018,2025-08-27,0.1763819431669646
AOI-0018,2025-09-08,0.16692442840336502
AOI-0018,2025-09-24,0.20609784364203174
AOI-0018,2025-10-17,0.20233447092126294
AOI-0019,2025-04-14,0.5372028249043267
AOI-0019,2025-04-17,0.5291274858484645
AOI-0019,2025-04-28,0.6089469961311234
AOI-0019,2025-05-14,0.598919685496684
AOI-0019,2025-05-25,0.6485063166147621
AOI-0019,2025-06-15,0.46699791309719957
AOI-0019,2025-06-27,0.47257020562358076
AOI-0019,2025-06-30,0.3665347285736168
AOI-0019,2025-07-10,0.3229333486101004
AOI-0019,2025-07-14,0.2900432567962705
AOI-0019,2025-08-14,0.3255767254834818
AOI-0019,2025-08-31,0.19168707244735317
AOI-0019,2025-09-15,0.22374845446669728
AOI-0019,2025-09-23,0.21748088330898127
AOI-0019,2025-09-24,0.2197489658096032
AOI-0019,2025-10-18,0.20704685850893073
AOI-0020,2025-04-18,0.2668325850109778
AOI-0020,2025-04-23,0.4027583995652876
AOI-0020,2025-05-03,0.40971431317339524
AOI-0020,2025-06-03,0.6632487062317753
AOI-0020,2025-06-11,0.33281527826189083
AOI-0020,2025-07-12,0.37571636700678573
AOI-0020,2025-07-21,0.31947892964483493
AOI-0020,2025-07-29,0.310249292013082
AOI-0020,2025-07-30,0.2781494056984537
AOI-0020,2025-08-19,0.2605797388786197
AOI-0020,2025-10-13,0.20733890431675778
AOI-0021,2025-04-28,0.45863739187232005
AOI-0021,2025-05-27,0.5216570062929554
AOI-0021,2025-06-03,0.6098949261381087
AOI-0021,2025-07-06,0.35554465416304853
AOI-0021,2025-07-18,0.3198023921271943
AOI-0021,2025-07-29,0.30154848342634094
AOI-0021,2025-08-07,0.28218575014205344
AOI-0021,2025-08-22,0.2527534733577731
AOI-0021,2025-08-30,0.24175988582357294
AOI-0021,2025-09-15,0.21562663733545456
AOI-0021,2025-09-24,0.23997094670945804
AOI-0021,2025-10-03,0.21960310851482773
AOI-0022,2025-04-01,0.5210880749232581
AOI-0022,2025-05-03,0.8340155792227107
AOI-0022,2025-05-06,0.8591296481561039
AOI-0022,2025-05-25,0.8551496774237674
AOI-0022,2025-05-28,0.8557004194625843
AOI-0022,2025-07-08,0.2141142922986186
AOI-0022,2025-07-17,0.1704204321544819
AOI-0022,2025-07-21,0.15302089381041445
AOI-0022,2025-08-27,0.15975074569512077
AOI-0022,2025-08-31,0.1682432167405678
AOI-0022,2025-09-23,0.1707085169905635
AOI-0022,2025-09-24,0.16750284253736197
AOI-0022,2025-09-30,0.21606549753696547
AOI-0023,2025-04-16,0.21738813932467865
AOI-0023,2025-04-17,0.2227678211860863
AOI-0023,2025-04-24,0.19515859446023606
AOI-0023,2025-05-01,0.18705371003849508
AOI-0023,2025-05-04,0.21719005607420808
AOI-0023,2025-06-27,0.7839321855128838
AOI-0023,2025-07-05,0.7148316775743714
AOI-0023,2025-07-14,0.3671734188328013
AOI-0023,2025-07-15,0.3268196988702849
AOI-0023,2025-08-14,0.15529133357536115
AOI-0023,2025-08-22,0.17117822627839122
AOI-0023,2025-08-30,0.17587897645455405
AOI-0023,2025-09-21,0.16643433722531828
AOI-0023,2025-09-23,0.16850709656994012
AOI-0023,2025-10-17,0.19448287756907806
AOI-0024,2025-04-07,0.22517065736090675
AOI-0024,2025-04-23,0.279220122320575
AOI-0024,2025-05-25,0.299228078968342
AOI-0024,2025-05-28,0.3195365711854993
AOI-0024,2025-06-05,0.33478076426958414
AOI-0024,2025-07-03,0.6177294331852186
AOI-0024,2025-07-21,0.4007943685020396
AOI-0024,2025-07-25,0.41153672256277274
AOI-0024,2025-08-06,0.3401750267561419
AOI-0024,2025-08-09,0.3080840498869108
AOI-0024,2025-09-14,0.2564661030314558
AOI-0024,2025-09-21,0.19835464300625053
AOI-0024,2025-09-30,0.21134474069978126
AOI-0024,2025-10-02,0.12944732746973403
AOI-0024,2025-10-18,0.15996279660435425
AOI-0025,2025-04-14,0.19322933556158703
AOI-0025,2025-04-23,0.26599493949731934
AOI-0025,2025-04-24,0.1882243967056128
AOI-0025,2025-04-29,0.17678845050665778
AOI-0025,2025-05-09,0.2547441899104991
AOI-0025,2025-06-03,0.21085795774923533
AOI-0025,2025-06-13,0.23905011471157947
AOI-0025,2025-06-27,0.20344028842171868
AOI-0025,2025-07-21,0.1311662574218898
AOI-0025,2025-08-07,0.16649454308589243
AOI-0025,2025-08-30,0.16664876703415402
AOI-0025,2025-09-07,0.16696027632096036
AOI-0025,2025-09-14,0.20249331181785996
AOI-0025,2025-10-17,0.43085705876395597
AOI-0026,2025-04-07,0.5284971259846563
AOI-0026,2025-04-24,0.8453818592439133
AOI-0026,2025-05-09,0.9098297647475306
AOI-0026,2025-06-13,0.6908395607953287
AOI-0026,2025-07-08,0.27396101332969275
AOI-0026,2025-07-10,0.2616005671899472
AOI-0026,2025-07-12,0.257719617630495
AOI-0026,2025-07-13,0.246876679696656
AOI-0026,2025-07-18,0.21683472969358492
AOI-0026,2025-07-30,0.1568926430092065
AOI-0026,2025-08-19,0.17458956650456853
AOI-0026,2025-09-08,0.14530368778575523
AOI-0026,2025-09-23,0.16571110012470766
AOI-0026,2025-09-30,0.26409237922552176
AOI-0027,2025-04-16,0.7617396986304377
AOI-0027,2025-04-24,0.8024175148603956
AOI-0027,2025-06-13,0.5590094443221432
AOI-0027,2025-06-27,0.4007430700057984
AOI-0027,2025-07-05,0.29616582486476756
AOI-0027,2025-07-12,0.28716863401854736
AOI-0027,2025-07-13,0.26920588750582314
AOI-0027,2025-07-23,0.2566891226901544
AOI-0027,2025-07-29,0.2810647142672639
AOI-0027,2025-08-19,0.3134312032104827
AOI-0027,2025-08-30,0.25170678337393565
AOI-0027,2025-09-16,0.28404037593970505
AOI-0027,2025-10-16,0.5909069745162987
AOI-0028,2010-04-07,0.6645443656176806
AOI-0028,2010-04-15,0.6353483917659118
AOI-0028,2010-10-24,0.21331836900710735
AOI-0028,2011-05-25,0.422964515573621
AOI-0028,2011-07-28,0.6135281544214765
AOI-0028,2011-08-08,0.5198033369322586
AOI-0028,2011-10-11,0.2594745145593431
AOI-0028,2012-04-22,0.7484303410174001
AOI-0028,2012-09-27,0.16666064792526097
AOI-0028,2012-10-15,0.2538908327703595
AOI-0028,2013-04-07,0.3146398077805468
AOI-0028,2013-06-10,0.2965597103419432
AOI-0028,2013-06-26,0.25196061000815256
AOI-0028,2013-08-29,0.24390481183434612
AOI-0028,2014-04-07,0.655802100894165
AOI-0028,2014-05-04,0.863260979066998
AOI-0028,2014-07-28,0.23123519770919237
AOI-0028,2014-10-11,0.17507045199666438
AOI-0028,2015-04-13,0.19532602193195825
AOI-0028,2015-08-27,0.267254846179109
AOI-0028,2015-09-28,0.14293067345816624
AOI-0028,2016-04-07,0.7055247881683522
AOI-0028,2016-04-23,0.8273069708140368
AOI-0028,2016-06-09,0.683897830869413
AOI-0028,2016-06-10,0.6810342619512094
AOI-0028,2016-06-25,0.32489342679123356
AOI-0028,2016-07-27,0.25629403621076174
AOI-0028,2016-09-06,0.15858735532316476
AOI-0028,2017-04-26,0.2526724642130349
AOI-0028,2017-07-23,0.19149574960866134
AOI-0028,2017-08-09,0.17287628667123353
AOI-0028,2017-08-13,0.1953925018448039
AOI-0028,2017-08-29,0.18810375108511496
AOI-0028,2017-09-17,0.19434573469644353
AOI-0028,2018-05-11,0.8487935869354534
AOI-0028,2018-08-19,0.16671903890512008
AOI-0028,2018-08-29,0.17954997397352937
AOI-0028,2018-09-12,0.19048992154395528
AOI-0028,2018-10-08,0.18558401345770903
AOI-0028,2019-04-06,0.1336713450690593
AOI-0028,2019-05-02,0.21531273953107571
AOI-0028,2019-05-25,0.25322311781618584
AOI-0028,2019-06-27,0.18274088224118215
AOI-0028,2019-08-09,0.18735048694589915
AOI-0028,2019-08-24,0.16399504900441383
AOI-0028,2019-10-17,0.6234271491403391
AOI-0028,2020-04-25,0.8252389332864501
AOI-0028,2020-05-04,0.8438304406603127
AOI-0028,2020-05-08,0.8726628675474031
AOI-0028,2020-05-30,0.8591205277342543
AOI-0028,2020-07-14,0.20395411361873084
AOI-0028,2020-08-03,0.1528336974374775
AOI-0028,2020-08-08,0.14386015826976764
AOI-0028,2020-09-02,0.1641493731437993
AOI-0028,2020-09-13,0.20930891220105496
AOI-0028,2021-06-14,0.79072655654411
AOI-0028,2021-06-16,0.8028803081775066
AOI-0028,2021-06-24,0.8122554938025746
AOI-0028,2021-06-26,0.812376174193173
AOI-0028,2021-07-24,0.7419514808860097
AOI-0028,2021-10-27,0.3581254504590274
AOI-0028,2022-04-07,0.7084986413947745
AOI-0028,2022-04-23,0.8588847783735221
AOI-0028,2022-06-09,0.9180370432248965
AOI-0028,2022-06-29,0.3367698051488524
AOI-0028,2022-07-28,0.17432276792037618
AOI-0028,2022-08-03,0.12540355270261164
AOI-0028,2022-08-08,0.13659633912222333
AOI-0028,2022-08-30,0.11914768053499188
AOI-0028,2022-10-01,0.19171828386684958
AOI-0028,2023-04-07,0.2875696290561007
AOI-0028,2023-04-11,0.19830364648460438
AOI-0028,2023-05-05,0.27167532279441303
AOI-0028,2023-05-09,0.3574580112226909
AOI-0028,2023-06-09,0.2622550168972521
AOI-0028,2023-08-06,0.1687690484070566
AOI-0028,2023-08-23,0.16128779723033906
AOI-0028,2023-08-29,0.1822672239912049
AOI-0028,2023-09-22,0.17174563271399715
AOI-0028,2023-09-24,0.16952178465940537
AOI-0028,2023-09-30,0.25109232531429915
AOI-0028,2024-05-07,0.8760907967684275
AOI-0028,2024-05-23,0.804349838002817
AOI-0028,2024-05-24,0.818716565438853
AOI-0028,2024-07-27,0.18630380838456237
AOI-0028,2024-08-03,0.17240355075904307
AOI-0028,2024-08-12,0.17552821781452924
AOI-0028,2024-09-11,0.13334132664872458
AOI-0028,2024-09-16,0.1277993508206004
AOI-0028,2025-04-07,0.2544275969168859
AOI-0028,2025-05-24,0.6448662878167442
AOI-0028,2025-05-31,0.6897537298363615
AOI-0028,2025-06-11,0.6615678957407121
AOI-0028,2025-06-26,0.5692001760612198
AOI-0028,2025-06-27,0.5613322941565052
AOI-0028,2025-07-10,0.2651030952502219
AOI-0028,2025-07-13,0.18635005248290049
AOI-0028,2025-07-23,0.1860003560752128
AOI-0028,2025-08-13,0.18127277892587937
AOI-0028,2025-09-08,0.13788366830783946
AOI-0028,2025-09-11,0.14330654592927108
AOI-0028,2025-10-16,0.25254615174287287
AOI-0028,2025-10-28,0.226831948317583
AOI-0029,2025-04-04,0.6137632289390206
AOI-0029,2025-04-24,0.8388335878209169
AOI-0029,2025-06-08,0.7339480673258737
AOI-0029,2025-06-10,0.6896650486377038
AOI-0029,2025-06-11,0.6719675479212573
AOI-0029,2025-06-13,0.6340174389615868
AOI-0029,2025-07-29,0.14823064902544125
AOI-0029,2025-08-02,0.12403421004032522
AOI-0029,2025-08-19,0.13278373576737368
AOI-0029,2025-09-11,0.11722113416749262
AOI-0029,2025-09-16,0.15801748060122534
AOI-0030,2025-04-21,0.531508209510845
AOI-0030,2025-04-24,0.6345684994067513
AOI-0030,2025-06-10,0.7545576041925555
AOI-0030,2025-08-07,0.6326913704723176
AOI-0031,2010-06-04,0.5419900215710938
AOI-0031,2010-09-14,0.17934235007682972
AOI-0031,2011-04-23,0.31238763783181484
AOI-0031,2011-06-10,0.47166583739831935
AOI-0031,2011-07-09,0.2276896538372728
AOI-0031,2011-08-11,0.19630578972524962
AOI-0031,2011-08-18,0.18195506098989442
AOI-0031,2011-08-19,0.1845195674260746
AOI-0031,2011-09-19,0.1959486048422171
AOI-0031,2012-04-06,0.2511394215107307
AOI-0031,2012-04-15,0.1976628844458002
AOI-0031,2013-04-07,0.5152621881056465
AOI-0031,2013-05-09,0.6756120352667174
AOI-0031,2013-05-12,0.6141940330454974
AOI-0031,2013-05-25,0.5495039771432356
AOI-0031,2013-06-12,0.23552648432484607
AOI-0031,2013-06-28,0.20837020895154099
AOI-0031,2013-07-23,0.1950351489562671
AOI-0031,2013-08-13,0.2183577553827592
AOI-0031,2013-10-16,0.3058519056884506
AOI-0031,2014-05-23,0.3900560761693407
AOI-0031,2014-06-23,0.28525777203526564
AOI-0031,2014-07-17,0.14958508802240578
AOI-0031,2014-07-28,0.1891296694325307
AOI-0031,2014-08-02,0.1957479641505422
AOI-0031,2014-08-13,0.19279555991771835
AOI-0031,2014-10-14,0.16395297774879386
AOI-0031,2015-09-22,0.22222666599235696
AOI-0031,2015-10-16,0.21870756824250495
AOI-0031,2016-04-01,0.2386196276890273
AOI-0031,2016-04-17,0.44015659985036987
AOI-0031,2016-04-22,0.573303733799132
AOI-0031,2016-05-03,0.6095023179936189
AOI-0031,2016-05-24,0.8250479614663049
AOI-0031,2016-06-09,0.6310817468431952
AOI-0031,2016-06-12,0.5780398167178374
AOI-0031,2016-06-20,0.3700685202875597
AOI-0031,2016-06-25,0.3151550926193025
AOI-0031,2016-07-30,0.23065355059724238
AOI-0031,2017-05-06,0.7252578164768511
AOI-0031,2017-06-07,0.6752587814791787
AOI-0031,2017-08-03,0.2109254983541381
AOI-0031,2017-08-13,0.19058613961190987
AOI-0031,2017-09-04,0.2015531311373807
AOI-0031,2017-09-22,0.2737658936593266
AOI-0031,2018-04-23,0.5727791949604264
AOI-0031,2018-05-02,0.7004880174242465
AOI-0031,2018-05-18,0.6431889682014382
AOI-0031,2018-06-03,0.3103298088398411
AOI-0031,2018-06-10,0.24538701111250769
AOI-0031,2018-06-11,0.22315068396469476
AOI-0031,2018-07-13,0.267235069696275
AOI-0031,2018-09-06,0.21526717474690704
AOI-0031,2018-09-14,0.23135687472864985
AOI-0031,2018-10-07,0.18959744720307412
AOI-0031,2018-10-12,0.1641333680835633
AOI-0031,2019-04-10,0.43393494366078905
AOI-0031,2019-06-14,0.1991246581815286
AOI-0031,2019-06-22,0.17977737465535024
AOI-0031,2019-07-09,0.12981633560134648
AOI-0031,2019-07-23,0.2589896968971461
AOI-0031,2019-08-08,0.4456504697437932
AOI-0031,2019-08-31,0.21907016089874276
AOI-0031,2019-09-17,0.17416995502682087
AOI-0031,2019-10-03,0.2848434143986988
AOI-0031,2019-10-10,0.39355834796472083
AOI-0031,2019-10-12,0.42545131662607966
AOI-0031,2019-10-22,0.5054492554530934
AOI-0031,2020-04-13,0.4509289778322364
AOI-0031,2020-06-01,0.5206514465750637
AOI-0031,2020-06-06,0.53558734849396
AOI-0031,2020-07-11,0.16343481068787405
AOI-0031,2020-07-18,0.14229874627191724
AOI-0031,2020-07-28,0.11284992677082305
AOI-0031,2020-08-07,0.14567596767106816
AOI-0031,2020-08-17,0.15169419353246782
AOI-0031,2020-08-22,0.14772573959341698
AOI-0031,2020-09-27,0.1345818881758909
AOI-0031,2020-10-13,0.17044975071016158
AOI-0031,2020-10-19,0.1431233912468161
AOI-0031,2020-10-21,0.16046923062026122
AOI-0031,2021-04-07,0.27106590532674857
AOI-0031,2021-05-17,0.3439082938542763
AOI-0031,2021-06-11,0.1728399835233468
AOI-0031,2021-07-01,0.14123635656226158
AOI-0031,2021-07-16,0.15945199858219453
AOI-0031,2021-07-21,0.12976908320771152
AOI-0031,2021-08-06,0.15488880839599506
AOI-0031,2021-08-25,0.14836214852512566
AOI-0031,2021-08-30,0.14998648096494957
AOI-0031,2022-05-14,0.8531451301386458
AOI-0031,2022-06-10,0.7291372259485795
AOI-0031,2022-06-11,0.7062212187596106
AOI-0031,2022-06-20,0.37350874237753606
AOI-0031,2022-06-21,0.36452814786930665
AOI-0031,2022-07-08,0.18034622822033353
AOI-0031,2022-07-12,0.19068909955091654
AOI-0031,2022-09-08,0.12840311409854221
AOI-0031,2022-09-09,0.12669719721758013
AOI-0031,2022-09-10,0.13504006855079387
AOI-0031,2022-09-11,0.1307007678332561
AOI-0031,2022-09-26,0.15341204809729875
AOI-0031,2022-09-29,0.15407787841804702
AOI-0031,2023-04-04,0.3437946573691894
AOI-0031,2023-04-27,0.40506910193566553
AOI-0031,2023-05-17,0.46248262724552963
AOI-0031,2023-06-17,0.2687689749993014
AOI-0031,2023-06-23,0.26034762099573217
AOI-0031,2023-06-26,0.2619305995959542
AOI-0031,2023-07-11,0.2712430656389628
AOI-0031,2023-08-15,0.22500753794828263
AOI-0031,2023-09-19,0.1691337025650126
AOI-0031,2023-09-20,0.16938637401972012
AOI-0031,2023-09-30,0.2582405781793683
AOI-0031,2023-10-15,0.17746093539513091
AOI-0031,2023-10-24,0.17172230746330502
AOI-0031,2024-05-03,0.2636418666706826
AOI-0031,2024-06-02,0.215879897556779
AOI-0031,2024-07-02,0.15612758313213737
AOI-0031,2024-07-10,0.11592696847345102
AOI-0031,2024-07-13,0.15634305207633792
AOI-0031,2024-08-09,0.14767176688264722
AOI-0031,2024-08-16,0.1734802104420989
AOI-0031,2024-08-26,0.12492386107234425
AOI-0031,2025-04-19,0.507163352026108
AOI-0031,2025-04-23,0.633587435100265
AOI-0031,2025-06-21,0.4574620065981113
AOI-0031,2025-07-12,0.2289889901040775
AOI-0031,2025-07-15,0.20622712598161821
AOI-0031,2025-08-06,0.18229990637291466
AOI-0031,2025-08-09,0.17345081947019267
AOI-0031,2025-09-08,0.1649895575416174
AOI-0031,2025-09-15,0.1447560483261654
AOI-0031,2025-09-17,0.12814408062708135
AOI-0031,2025-10-02,0.17022047400687984
AOI-0031,2025-10-22,0.22296249367102636
AOI-0032,2010-06-04,0.2271455207526344
AOI-0032,2010-06-10,0.21308091472088422
AOI-0032,2010-06-20,0.17751783707679608
AOI-0032,2010-07-12,0.17831993458002204
AOI-0032,2010-08-16,0.14637456145155142
AOI-0032,2010-09-14,0.18285405433479918
AOI-0032,2010-09-30,0.20717701358170942
AOI-0032,2011-07-12,0.2275866076161689
AOI-0032,2011-08-29,0.19761226870270665
AOI-0032,2011-09-11,0.19368404824551327
AOI-0032,2011-09-28,0.18483715419925942
AOI-0032,2012-04-06,0.24445471546506536
AOI-0032,2012-05-01,0.390697166264251
AOI-0032,2012-06-25,0.34087910275527855
AOI-0032,2012-10-08,0.13453824654617985
AOI-0032,2013-05-19,0.40446343225747583
AOI-0032,2013-05-20,0.40568687857582564
AOI-0032,2013-06-10,0.3473325471057279
AOI-0032,2013-06-12,0.3163345788578741
AOI-0032,2013-06-13,0.30229521734480796
AOI-0032,2013-07-22,0.3665836859502866
AOI-0032,2013-07-30,0.33068008420914663
AOI-0032,2013-08-13,0.23035495217540516
AOI-0032,2013-08-29,0.1921038163723001
AOI-0032,2013-09-14,0.25059474961536166
AOI-0032,2014-06-16,0.21662542801879245
AOI-0032,2014-06-26,0.19552516664783837
AOI-0032,2014-07-12,0.15999072401125367
AOI-0032,2014-09-03,0.15191359909968344
AOI-0032,2015-04-23,0.2614340501503551
AOI-0032,2015-06-18,0.526566285090618
AOI-0032,2015-07-13,0.2979383827799043
AOI-0032,2015-09-15,0.21133198723669816
AOI-0032,2015-09-23,0.17305894354862605
AOI-0032,2015-09-30,0.21063656947684675
AOI-0032,2016-04-06,0.255404688245766
AOI-0032,2016-04-10,0.1939162889350045
AOI-0032,2016-05-03,0.20683484808596825
AOI-0032,2016-06-09,0.2698943894226297
AOI-0032,2016-06-28,0.16765739926498027
AOI-0032,2016-07-15,0.18032025817002467
AOI-0032,2016-07-30,0.16708055898535892
AOI-0032,2016-08-16,0.17401229724184847
AOI-0032,2016-09-09,0.13138024920121502
AOI-0032,2016-10-18,0.37642479444878335
AOI-0032,2017-04-04,0.3996954165955742
AOI-0032,2017-04-28,0.66460877347956
AOI-0032,2017-05-09,0.811512752285051
AOI-0032,2017-07-02,0.23871915085071466
AOI-0032,2017-08-02,0.1315579555347447
AOI-0032,2017-08-11,0.14975425910612636
AOI-0032,2017-08-19,0.15205151676552148
AOI-0032,2017-08-27,0.1661524534552385
AOI-0032,2017-09-03,0.11874346749420077
AOI-0032,2017-09-12,0.13512576762310505
AOI-0032,2018-04-15,0.18037849073250747
AOI-0032,2018-06-10,0.17719674406177474
AOI-0032,2018-06-19,0.1618022771243212
AOI-0032,2018-09-14,0.17493332559474528
AOI-0032,2018-09-23,0.17711059109249588
AOI-0032,2018-09-30,0.24116229125522834
AOI-0032,2018-10-07,0.21000681367928378
AOI-0032,2018-10-12,0.2163877419641974
AOI-0032,2019-04-26,0.6940262644784723
AOI-0032,2019-04-28,0.7049213172630059
AOI-0032,2019-05-18,0.7908744668756451
AOI-0032,2019-05-20,0.7782716176347297
AOI-0032,2019-05-30,0.6764427413391281
AOI-0032,2019-06-14,0.23309140318337848
AOI-0032,2019-06-19,0.18744789878770718
AOI-0032,2019-07-23,0.15314693661141243
AOI-0032,2019-09-25,0.1422072955519877
AOI-0032,2019-10-05,0.1607537610372296
AOI-0032,2019-10-11,0.20463712104077475
AOI-0032,2019-10-25,0.3269409403492062
AOI-0032,2019-10-28,0.3695272444224842
AOI-0032,2020-05-27,0.41401626212417564
AOI-0032,2020-05-30,0.41382077219406926
AOI-0032,2020-06-24,0.21224066211765466
AOI-0032,2020-06-26,0.17025213090766358
AOI-0032,2020-08-05,0.14913477998614255
AOI-0032,2020-08-07,0.15895095318349778
AOI-0032,2020-09-13,0.1708043071256966
AOI-0032,2020-09-28,0.13561528147083066
AOI-0032,2020-09-29,0.1720678063067898
AOI-0032,2020-10-05,0.15099049411390228
AOI-0032,2020-10-06,0.14250303607630826
AOI-0032,2020-10-24,0.1993030052064165
AOI-0032,2021-04-04,0.12051532028254969
AOI-0032,2021-04-23,0.35198750229093856
AOI-0032,2021-05-01,0.31063477102477677
AOI-0032,2021-05-25,0.24136405675517694
AOI-0032,2021-06-18,0.17645921747655094
AOI-0032,2021-07-01,0.14934808720551615
AOI-0032,2021-07-18,0.14510225053238945
AOI-0032,2021-09-06,0.16012591502817114
AOI-0032,2021-09-15,0.19187875319297532
AOI-0032,2021-10-08,0.31327073349692325
AOI-0032,2022-04-26,0.7824035550633526
AOI-0032,2022-05-09,0.8680431304307312
AOI-0032,2022-05-13,0.8560908250743364
AOI-0032,2022-05-29,0.8277356232158619
AOI-0032,2022-06-06,0.7214363175121679
AOI-0032,2022-06-13,0.5855607611661116
AOI-0032,2022-06-30,0.2817582762444437
AOI-0032,2022-08-01,0.13320145182393064
AOI-0032,2022-08-02,0.13014829907859055
AOI-0032,2022-08-15,0.10040384172051942
AOI-0032,2022-08-24,0.1511129070981399
AOI-0032,2022-08-29,0.1525214456915759
AOI-0032,2022-09-11,0.12298879073090219
AOI-0032,2023-04-07,0.27940058435097526
AOI-0032,2023-04-12,0.18990886629995193
AOI-0032,2023-05-12,0.25036223540493063
AOI-0032,2023-05-15,0.22341464513399473
AOI-0032,2023-05-24,0.3472362709753183
AOI-0032,2023-06-06,0.42552399504105354
AOI-0032,2023-06-18,0.5598199919088014
AOI-0032,2023-07-26,0.2602344166971538
AOI-0032,2023-07-28,0.2501991788075352
AOI-0032,2023-08-08,0.22251080838217363
AOI-0032,2023-09-01,0.24593047190419656
AOI-0032,2023-09-11,0.23717043191554935
AOI-0032,2023-09-24,0.18686321351029112
AOI-0032,2024-04-07,0.19929006733039678
AOI-0032,2024-05-06,0.21153369564437613
AOI-0032,2024-06-03,0.23256942752883591
AOI-0032,2024-07-12,0.12787565676796495
AOI-0032,2024-07-25,0.16246034063863596
AOI-0032,2024-07-30,0.1516122438811639
AOI-0032,2024-08-22,0.17434221556739207
AOI-0032,2024-08-30,0.15780334866118353
AOI-0032,2024-09-13,0.15192641812307256
AOI-0032,2024-09-18,0.17022883606911177
AOI-0032,2024-10-05,0.14661874316858403
AOI-0032,2024-10-15,0.18479497122924865
AOI-0032,2024-10-23,0.15230955261061133
AOI-0032,2025-05-06,0.7028074546572421
AOI-0032,2025-05-28,0.768770612347551
AOI-0032,2025-06-30,0.27545488525274203
AOI-0032,2025-07-07,0.2100529874934487
AOI-0032,2025-07-10,0.17499961171573014
AOI-0032,2025-08-13,0.17889379857769247
AOI-0032,2025-08-16,0.1653347785766173
AOI-0032,2025-08-24,0.17797364246802364
AOI-0032,2025-08-31,0.16899218975700725
AOI-0032,2025-09-03,0.16509898939436518
AOI-0032,2025-10-08,0.1354170950730763
AOI-0033,2025-04-28,0.20665563301611967
AOI-0033,2025-05-20,0.23090982545955507
AOI-0033,2025-06-10,0.6470978743517459
AOI-0033,2025-06-22,0.7435857227593766
AOI-0033,2025-07-05,0.44284901712581987
AOI-0033,2025-07-10,0.3204419931507565
AOI-0033,2025-09-15,0.2877782280037049
AOI-0034,2025-04-25,0.15119217190483636
AOI-0034,2025-05-06,0.18938555645332797
AOI-0034,2025-05-09,0.28478076188049034
AOI-0034,2025-06-10,0.17836919100110415
AOI-0034,2025-06-15,0.1762878759010175
AOI-0034,2025-06-21,0.16678685266621318
AOI-0034,2025-07-07,0.13671200371616618
AOI-0034,2025-07-10,0.1251518409000083
AOI-0034,2025-07-16,0.14751093559779696
AOI-0034,2025-08-31,0.15782307466523593
AOI-0034,2025-09-13,0.13348426126138419
AOI-0034,2025-09-23,0.1540904606884741
AOI-0034,2025-10-02,0.26041660561007307
AOI-0034,2025-10-16,0.5643556133185493
AOI-0035,2025-05-16,0.231307674761133
AOI-0035,2025-05-20,0.1736324712924054
AOI-0035,2025-06-05,0.2383721810887369
AOI-0035,2025-06-07,0.1929673509198402
AOI-0035,2025-06-10,0.19785557197624182
AOI-0035,2025-07-30,0.11416800998041811
AOI-0035,2025-08-31,0.15272904668347784
AOI-0035,2025-09-26,0.14883034917565183
AOI-0035,2025-09-28,0.13481951492145233
AOI-0035,2025-10-02,0.17776373964613085
AOI-0035,2025-10-30,0.5274353229706027
AOI-0036,2025-05-16,0.6453861329484079
AOI-0036,2025-07-16,0.21870505723264472
AOI-0036,2025-08-01,0.1994051219558182
AOI-0036,2025-08-09,0.16067089360853043
AOI-0036,2025-08-23,0.18457304812786812
AOI-0036,2025-10-02,0.1627580427050531
AOI-0037,2025-04-07,0.4499619285645827
AOI-0037,2025-04-16,0.5340345416496232
AOI-0037,2025-05-23,0.6265934187698344
AOI-0037,2025-06-30,0.38518175381374753
AOI-0037,2025-07-14,0.30268030480445596
AOI-0037,2025-07-23,0.2716679496103311
AOI-0037,2025-08-09,0.22729278968219335
AOI-0037,2025-08-16,0.2517134262318796
AOI-0037,2025-09-12,0.18912854580787195
AOI-0037,2025-09-13,0.18400524276440322
AOI-0037,2025-09-23,0.21497575383796935
AOI-0037,2025-09-26,0.22874630340650334
AOI-0037,2025-09-30,0.2564032571457784
AOI-0037,2025-10-05,0.20399196144932139
AOI-0038,2025-04-07,0.40957333119666983
AOI-0038,2025-04-25,0.49766304514436094
AOI-0038,2025-06-14,0.4752613769726348
AOI-0038,2025-07-10,0.18098330675392715
AOI-0038,2025-07-15,0.19556159534609938
AOI-0038,2025-08-14,0.18243840912093384
AOI-0038,2025-09-02,0.21902579221733795
AOI-0038,2025-10-05,0.18898620340438954
AOI-0038,2025-10-08,0.20201384586430501
AOI-0038,2025-10-16,0.27580966041537275
AOI-0039,2025-05-04,0.7089665388311842
AOI-0039,2025-05-08,0.6546784511932219
AOI-0039,2025-05-28,0.64066333054497
AOI-0039,2025-07-10,0.4283639098851444
AOI-0039,2025-08-06,0.34712012677887155
AOI-0039,2025-08-24,0.3769387035648059
AOI-0039,2025-09-08,0.34001378423057127
AOI-0039,2025-09-12,0.33642232692922974
AOI-0039,2025-09-14,0.38903634454105884
AOI-0039,2025-09-26,0.32931599434396736
AOI-0039,2025-10-23,0.3956217635915585
AOI-0040,2025-04-02,0.2843485261428736
AOI-0040,2025-04-03,0.2877821062696793
AOI-0040,2025-05-06,0.7387099414663888
AOI-0040,2025-06-07,0.6692000310882387
AOI-0040,2025-07-08,0.21323925293582446
AOI-0040,2025-09-12,0.12226994742674568
AOI-0040,2025-09-13,0.11955127382510333
AOI-0040,2025-09-28,0.1488956478503541
AOI-0040,2025-09-30,0.19336852470562707
AOI-0040,2025-10-02,0.17010272332084841
AOI-0041,2025-04-23,0.6678133129912338
AOI-0041,2025-05-20,0.6024094242160247
AOI-0041,2025-06-22,0.40605611856423607
AOI-0041,2025-06-27,0.3593953908073422
AOI-0041,2025-07-23,0.26974251257916115
AOI-0041,2025-08-19,0.23424364713782717
AOI-0041,2025-09-30,0.2782972034981781
AOI-0042,2025-04-18,0.15717477454664228
AOI-0042,2025-05-04,0.1358115699512915
AOI-0042,2025-06-13,0.16773286611189597
AOI-0042,2025-07-14,0.12655650428816148
AOI-0042,2025-07-16,0.12376396008918922
AOI-0042,2025-07-24,0.14021731272727683
AOI-0042,2025-08-17,0.14662863680443422
AOI-0042,2025-08-19,0.12597583387426925
AOI-0042,2025-08-24,0.14537358648006907
AOI-0042,2025-08-29,0.1469049224660349
AOI-0042,2025-09-15,0.11241682590707035
AOI-0042,2025-09-17,0.1001217594226225
AOI-0042,2025-10-02,0.14238116141060522
AOI-0043,2025-04-24,0.19741247577757653
AOI-0043,2025-04-29,0.21278756599592963
AOI-0043,2025-05-31,0.25172389104694604
AOI-0043,2025-06-08,0.18415242263778142
AOI-0043,2025-06-15,0.133962693692581
AOI-0043,2025-06-17,0.12814616103434737
AOI-0043,2025-06-25,0.1558806799103013
AOI-0043,2025-07-07,0.1841980991826465
AOI-0043,2025-07-13,0.14912300882910307
AOI-0043,2025-08-12,0.13349790360350466
AOI-0043,2025-09-24,0.18045213489819634
AOI-0043,2025-10-13,0.16310557741243153
AOI-0043,2025-10-15,0.17381677034422569
AOI-0044,2010-04-16,0.26921467168036123
AOI-0044,2010-04-25,0.3084140059641731
AOI-0044,2010-05-09,0.4616250775471157
AOI-0044,2010-05-18,0.4334938649275216
AOI-0044,2010-06-12,0.4632598193964724
AOI-0044,2010-06-20,0.4009308492625531
AOI-0044,2010-06-28,0.5432636224118629
AOI-0044,2010-07-29,0.21875078550093843
AOI-0044,2010-08-06,0.20819287711268675
AOI-0044,2010-10-16,0.23302474433140422
AOI-0044,2010-10-25,0.19078974103585414
AOI-0044,2011-07-16,0.6795714838605563
AOI-0044,2011-08-01,0.31775262114437897
AOI-0044,2011-08-02,0.3102590458089829
AOI-0044,2011-10-16,0.2853966169887319
AOI-0044,2012-04-06,0.30232503737889793
AOI-0044,2012-05-08,0.6217659488949084
AOI-0044,2013-05-02,0.24962684727525625
AOI-0044,2013-05-03,0.25911856360914826
AOI-0044,2013-05-11,0.2935826158854459
AOI-0044,2014-04-07,0.3254788491729222
AOI-0044,2014-06-06,0.2991493442544577
AOI-0044,2014-06-14,0.20588589744778052
AOI-0044,2014-06-23,0.2040977465758749
AOI-0044,2014-08-02,0.2120969183112952
AOI-0044,2014-08-09,0.22424685745897818
AOI-0044,2014-08-29,0.18442072534474296
AOI-0044,2014-09-18,0.1692003449071441
AOI-0044,2014-09-19,0.1676478675056261
AOI-0044,2014-10-04,0.16711439420729676
AOI-0044,2014-10-12,0.19175354623133714
AOI-0044,2014-10-28,0.2348530871052821
AOI-0044,2014-10-29,0.25050312671489494
AOI-0044,2015-06-26,0.44923974324728716
AOI-0044,2015-07-27,0.22918564757833504
AOI-0044,2015-07-28,0.23595460302898985
AOI-0044,2015-08-29,0.18727442758936388
AOI-0044,2015-10-08,0.19916649822291543
AOI-0044,2015-10-16,0.25351007602704106
AOI-0044,2016-04-08,0.5180452664789901
AOI-0044,2016-05-08,0.8607930277528255
AOI-0044,2016-05-11,0.8471394755580074
AOI-0044,2016-06-20,0.38931538438430746
AOI-0044,2016-06-25,0.3340914493943715
AOI-0044,2016-07-13,0.30219665511669497
AOI-0044,2016-07-27,0.31830560422630716
AOI-0044,2016-09-07,0.1989276246550875
AOI-0044,2016-09-13,0.22209082437043634
AOI-0044,2016-10-02,0.18131368868029912
AOI-0044,2016-10-26,0.2379138505243912
AOI-0044,2017-04-03,0.1149739936459761
AOI-0044,2017-04-04,0.11112833536951136
AOI-0044,2017-04-12,0.20119939432633932
AOI-0044,2017-06-27,0.23273194093625246
AOI-0044,2017-06-30,0.22570463968739835
AOI-0044,2017-08-10,0.1957427513187772
AOI-0044,2017-09-14,0.20904734705350822
AOI-0044,2018-04-06,0.4704490471834561
AOI-0044,2018-07-12,0.25296010062572694
AOI-0044,2018-07-19,0.2198105009126364
AOI-0044,2018-09-30,0.22466004782042193
AOI-0044,2019-04-25,0.3250192072057726
AOI-0044,2019-04-26,0.33453529015357353
AOI-0044,2019-06-02,0.7060873336170803
AOI-0044,2019-06-12,0.48737509092922976
AOI-0044,2019-06-20,0.332253941161725
AOI-0044,2019-08-13,0.38655584701108897
AOI-0044,2019-09-10,0.16648222142708652
AOI-0044,2019-09-15,0.18019571320927918
AOI-0044,2019-09-16,0.17465402109184247
AOI-0044,2019-10-10,0.18618389133718405
AOI-0044,2020-04-17,0.21392251997045972
AOI-0044,2020-04-22,0.28134764225427006
AOI-0044,2020-05-17,0.21457164972600296
AOI-0044,2020-06-30,0.18699972812977012
AOI-0044,2020-08-10,0.15313068520566991
AOI-0044,2020-09-09,0.16875019615002276
AOI-0044,2020-09-10,0.173330955529084
AOI-0044,2020-09-26,0.16520837881454886
AOI-0044,2020-09-29,0.19594136544514207
AOI-0044,2020-10-14,0.13644311044997764
AOI-0044,2020-10-21,0.17704727389100886
AOI-0044,2021-05-12,0.7140343620344185
AOI-0044,2021-05-17,0.7450664201764597
AOI-0044,2021-05-25,0.7056317377966104
AOI-0044,2021-07-16,0.23965433477848302
AOI-0044,2021-07-21,0.16338770520074847
AOI-0044,2021-09-30,0.23004226217535886
AOI-0044,2021-10-07,0.17246660721793905
AOI-0044,2022-05-27,0.7768069121271969
AOI-0044,2022-06-06,0.7067233564402988
AOI-0044,2022-06-12,0.6754937093118447
AOI-0044,2022-07-07,0.19086448134830264
AOI-0044,2022-08-10,0.2618962060144671
AOI-0044,2022-08-13,0.27047904552976043
AOI-0044,2022-08-24,0.2536326635416431
AOI-0044,2022-09-25,0.1569867799266818
AOI-0044,2022-09-30,0.2475605262222743
AOI-0044,2023-04-02,0.20751483566837603
AOI-0044,2023-04-07,0.29157356593757466
AOI-0044,2023-06-06,0.3109963132084925
AOI-0044,2023-06-30,0.1587612567103464
AOI-0044,2023-07-05,0.17629929255290713
AOI-0044,2023-07-09,0.16277798882356023
AOI-0044,2023-07-11,0.17876527826863509
AOI-0044,2023-07-16,0.193524114168859
AOI-0044,2023-07-25,0.1814898374929591
AOI-0044,2023-08-05,0.17329182790759712
AOI-0044,2023-08-25,0.17986929247243713
AOI-0044,2023-09-30,0.25049962741476384
AOI-0044,2023-10-14,0.2752548372906295
AOI-0044,2024-04-06,0.7863356161897492
AOI-0044,2024-04-14,0.8020635706191095
AOI-0044,2024-06-05,0.5999615904779523
AOI-0044,2024-09-06,0.15832115077176895
AOI-0044,2024-09-21,0.1477942273912802
AOI-0044,2025-04-02,0.1293226516221539
AOI-0044,2025-05-20,0.2369666885234225
AOI-0044,2025-07-06,0.18739427722369417
AOI-0044,2025-07-10,0.13290886305064475
AOI-0044,2025-08-14,0.16035223907099436
AOI-0044,2025-09-23,0.17341714354273574
AOI-0044,2025-10-03,0.16927501515364493
AOI-0044,2025-10-15,0.1576794949878324
AOI-0045,2025-04-26,0.23725615158587643
AOI-0045,2025-06-15,0.20743782686972712
AOI-0045,2025-06-27,0.18891403023722558
AOI-0045,2025-06-29,0.19682848074521667
AOI-0045,2025-07-31,0.17904364972346862
AOI-0045,2025-08-13,0.17771560543079987
AOI-0045,2025-08-15,0.18793537037837355
AOI-0045,2025-08-16,0.16650882161538408
AOI-0045,2025-09-30,0.2115385729479593
AOI-0045,2025-10-15,0.15821004831025917
AOI-0046,2010-06-26,0.21276519455578613
AOI-0046,2010-07-12,0.2656619993096483
AOI-0046,2010-09-14,0.3923090168732744
AOI-0046,2011-05-30,0.29485320001794296
AOI-0046,2011-08-17,0.1681019991325034
AOI-0046,2012-04-22,0.38147847218817654
AOI-0046,2012-04-29,0.34602913771300103
AOI-0046,2012-06-09,0.6098696282363197
AOI-0046,2013-04-25,0.20593666958638795
AOI-0046,2013-05-09,0.39125284097701857
AOI-0046,2013-06-11,0.592949282707181
AOI-0046,2013-06-27,0.3389076237915047
AOI-0046,2013-07-21,0.31741555242229186
AOI-0046,2013-07-28,0.3390903175954996
AOI-0046,2013-07-30,0.3292658029198485
AOI-0046,2014-05-25,0.7666604189973046
AOI-0046,2014-05-29,0.756611092099392
AOI-0046,2014-07-01,0.3497974628771856
AOI-0046,2014-07-12,0.306588409802241
AOI-0046,2014-08-01,0.16610429889704517
AOI-0046,2014-08-25,0.20044800073421268
AOI-0046,2014-09-19,0.19338720685438793
AOI-0046,2015-05-17,0.297961432977614
AOI-0046,2015-07-12,0.3220555007989665
AOI-0046,2015-09-22,0.17462351553078861
AOI-0046,2015-10-16,0.27843500456712894
AOI-0046,2016-05-02,0.8337161194157638
AOI-0046,2016-05-10,0.8647080176613681
AOI-0046,2016-05-18,0.831266855804034
AOI-0046,2016-06-03,0.6586824548694056
AOI-0046,2016-06-09,0.6388198774738811
AOI-0046,2016-07-13,0.19763121936000028
AOI-0046,2016-07-30,0.250096465689975
AOI-0046,2016-10-02,0.20806174393740537
AOI-0046,2016-10-17,0.2827995828168617
AOI-0046,2016-10-25,0.29951994031208856
AOI-0046,2017-04-13,0.41141986383304363
AOI-0046,2017-06-27,0.40375117013184897
AOI-0046,2017-07-02,0.3563742603897915
AOI-0046,2017-07-24,0.1899154619271055
AOI-0046,2017-08-09,0.16436993828066754
AOI-0046,2017-08-21,0.16804413593083256
AOI-0046,2017-09-10,0.2231854910961953
AOI-0046,2017-09-15,0.2902803667629784
AOI-0046,2017-10-12,0.2750052592724025
AOI-0046,2018-05-09,0.31718298204879436
AOI-0046,2018-06-01,0.20856769401610598
AOI-0046,2018-07-20,0.18704518018102662
AOI-0046,2018-08-20,0.16875719658682198
AOI-0046,2018-08-29,0.2029202258281036
AOI-0046,2018-10-15,0.16441359676678538
AOI-0046,2018-10-24,0.1558432203839941
AOI-0046,2019-04-01,0.19794282568385957
AOI-0046,2019-04-18,0.3121192697885031
AOI-0046,2019-05-19,0.7835683800876301
AOI-0046,2019-08-01,0.26965184982817986
AOI-0046,2019-09-01,0.20163965466795802
AOI-0046,2019-10-20,0.443313114322317
AOI-0046,2020-04-04,0.771412938409313
AOI-0046,2020-04-07,0.8007615043808638
AOI-0046,2020-05-08,0.8491580881782165
AOI-0046,2020-05-24,0.8454939189106724
AOI-0046,2020-06-09,0.7227271794565607
AOI-0046,2020-09-10,0.1805800111633725
AOI-0046,2020-09-13,0.17576170626220503
AOI-0046,2020-09-26,0.16154263880776085
AOI-0046,2020-10-21,0.17196699694816697
AOI-0046,2021-05-02,0.5768832045085244
AOI-0046,2021-05-25,0.7701918396408441
AOI-0046,2021-07-11,0.3138258213138759
AOI-0046,2021-07-28,0.26208172918880257
AOI-0046,2021-08-13,0.26211797981612284
AOI-0046,2021-08-20,0.275297999819035
AOI-0046,2021-08-29,0.3324292232360268
AOI-0046,2021-09-06,0.3344614973743143
AOI-0046,2022-06-05,0.21955002596773227
AOI-0046,2022-07-24,0.2031783947628813
AOI-0046,2022-07-29,0.18437885943239138
AOI-0046,2022-07-30,0.19326252754708406
AOI-0046,2022-08-24,0.207563573980462
AOI-0046,2022-08-30,0.15683847804443002
AOI-0046,2023-04-02,0.5068458479526822
AOI-0046,2023-04-29,0.8121835533687103
AOI-0046,2023-05-06,0.8331051394263957
AOI-0046,2023-06-21,0.6399802654457865
AOI-0046,2023-06-24,0.49538156563036795
AOI-0046,2023-07-22,0.23459807657702278
AOI-0046,2023-07-25,0.22703960978771642
AOI-0046,2023-08-13,0.18773097918160245
AOI-0046,2023-08-18,0.17163350132315364
AOI-0046,2023-08-25,0.1984874553289831
AOI-0046,2023-08-27,0.16806393525982244
AOI-0046,2023-08-28,0.15955028528154983
AOI-0046,2023-10-13,0.17555051050548354
AOI-0046,2023-10-29,0.2731548269704011
AOI-0046,2024-04-06,0.7378442512005599
AOI-0046,2024-05-08,0.8770304831596714
AOI-0046,2024-05-09,0.853379581365569
AOI-0046,2024-06-01,0.781630427861338
AOI-0046,2024-06-09,0.5530105741107136
AOI-0046,2024-07-03,0.20938852774164868
AOI-0046,2024-07-19,0.15702038058867732
AOI-0046,2024-08-09,0.16446528255981901
AOI-0046,2024-08-20,0.19131448280513746
AOI-0046,2024-08-28,0.19129009212209694
AOI-0046,2024-09-13,0.194850368512011
AOI-0046,2024-09-22,0.17911508664454776
AOI-0046,2024-10-13,0.1589719136741933
AOI-0046,2025-06-30,0.7238054878634744
AOI-0046,2025-07-15,0.4631919890162052
AOI-0046,2025-08-07,0.4097902488273891
AOI-0046,2025-08-15,0.41900552355808945
AOI-0046,2025-09-24,0.19548505044941486
AOI-0046,2025-10-02,0.16860552724816372
AOI-0047,2025-05-08,0.8302259386711438
AOI-0047,2025-05-16,0.7972528988299401
AOI-0047,2025-05-25,0.7759509582372607
AOI-0047,2025-06-15,0.40414667037638985
AOI-0047,2025-07-17,0.180335888445958
AOI-0047,2025-07-18,0.17175751189029964
AOI-0047,2025-09-03,0.1560580382362116
AOI-0047,2025-10-15,0.15994889099752166
AOI-0047,2025-10-16,0.1917477580579616
AOI-0048,2025-04-07,0.5804906622456059
AOI-0048,2025-04-17,0.7200826632230813
AOI-0048,2025-05-09,0.8027887339114144
AOI-0048,2025-09-17,0.16487245578358434
AOI-0048,2025-09-24,0.183050000679466
AOI-0049,2025-05-04,0.8006573081899843
AOI-0049,2025-06-26,0.25861973214611106
AOI-0049,2025-06-27,0.2501074826415463
AOI-0049,2025-07-29,0.18931077623213835
AOI-0049,2025-08-06,0.18303074607332676
AOI-0049,2025-08-12,0.19892775143412306
AOI-0049,2025-08-17,0.19074067665870537
AOI-0049,2025-09-06,0.14340983197381274
AOI-0049,2025-09-14,0.17338935328573635
AOI-0049,2025-09-26,0.21085002508915765
AOI-0049,2025-09-30,0.27815690671325977
AOI-0049,2025-10-08,0.23165109771107847
AOI-0049,2025-10-16,0.2883491642141107
AOI-0049,2025-10-28,0.24093332260663242
AOI-0050,2025-04-14,0.35288176042099145
AOI-0050,2025-04-15,0.36008328194598854
AOI-0050,2025-05-25,0.6491665857154131
AOI-0050,2025-06-27,0.5380793919220342
AOI-0050,2025-08-07,0.3596743738894441
AOI-0050,2025-08-09,0.3611770837279275
AOI-0050,2025-08-13,0.39552665008704335
AOI-0050,2025-08-17,0.3665050214645973
AOI-0050,2025-09-07,0.3409146022859047
AOI-0050,2025-09-30,0.38571584409868503
AOI-0050,2025-10-17,0.35047552322663184
AOI-0050,2025-10-28,0.3481456287862462
AOI-0051,2010-06-09,0.7021305664388033
AOI-0051,2011-06-04,0.5607120176508
AOI-0051,2011-06-05,0.5810750210364628
AOI-0051,2011-06-12,0.7004180195237395
AOI-0051,2011-06-13,0.7012510542400705
AOI-0051,2011-09-01,0.5600552419234104
AOI-0051,2011-10-11,0.365131379612764
AOI-0051,2012-04-27,0.5132906680626351
AOI-0051,2012-05-22,0.6627479213228178
AOI-0051,2012-08-12,0.4326692845949802
AOI-0051,2012-08-26,0.40023390321073343
AOI-0051,2012-08-28,0.4020739072171237
AOI-0051,2012-09-18,0.3206510115031298
AOI-0051,2012-10-13,0.35315983262673734
AOI-0051,2013-05-01,0.7223611551533403
AOI-0051,2013-07-19,0.39328901882513856
AOI-0051,2013-07-28,0.5136462823486854
AOI-0051,2013-08-29,0.3765614733115888
AOI-0051,2013-10-07,0.43121574155956055
AOI-0051,2013-10-16,0.46404976576243573
AOI-0051,2014-04-18,0.74691410924602
AOI-0051,2014-06-05,0.6539638787324262
AOI-0051,2014-06-10,0.6024407466051975
AOI-0051,2014-06-28,0.5441075541466162
AOI-0051,2014-09-08,0.3632647082684737
AOI-0051,2014-09-16,0.33973488519441575
AOI-0051,2015-04-07,0.2911775498690605
AOI-0051,2015-05-23,0.7383914726335448
AOI-0051,2015-06-10,0.7572052603082678
AOI-0051,2015-06-15,0.7354141306870373
AOI-0051,2015-06-26,0.6770109895107796
AOI-0051,2015-09-14,0.3645891321417783
AOI-0051,2015-09-20,0.3286342683418361
AOI-0051,2015-10-06,0.30077405519072037
AOI-0051,2016-04-06,0.6858174105732449
AOI-0051,2016-06-25,0.48948761698915416
AOI-0051,2016-07-12,0.4882382461869555
AOI-0051,2016-08-28,0.3727371659902781
AOI-0051,2016-09-14,0.3484482272070281
AOI-0051,2016-09-29,0.3936746956047495
AOI-0051,2016-10-24,-0.19735126038363437
AOI-0051,2017-05-28,0.5319357744664257
AOI-0051,2017-06-21,0.5906116254946161
AOI-0051,2017-06-28,0.624191399699027
AOI-0051,2017-07-06,0.6167478988017887
AOI-0051,2017-07-23,0.6867640274343514
AOI-0051,2017-09-25,0.3579475367798688
AOI-0051,2017-09-30,0.38117286349955143
AOI-0051,2017-10-16,0.28993128490707537
AOI-0051,2018-04-11,0.4215307615305409
AOI-0051,2018-04-28,0.669761153022947
AOI-0051,2018-04-29,0.6918994956054231
AOI-0051,2018-05-30,0.7527419916977408
AOI-0051,2018-06-26,0.3440839394617294
AOI-0051,2018-07-02,0.31412920269491856
AOI-0051,2018-08-02,0.3390404832039666
AOI-0051,2018-08-18,0.29299151700514026
AOI-0051,2018-09-14,0.3067493483749836
AOI-0051,2018-09-19,0.2954461488682383
AOI-0051,2018-10-14,0.23799775199301332
AOI-0051,2019-05-17,0.8252101869133928
AOI-0051,2019-05-31,0.7416272172710001
AOI-0051,2019-06-25,0.3248852906744487
AOI-0051,2019-06-30,0.3040452960060423
AOI-0051,2019-07-29,0.37126166489457857
AOI-0051,2019-08-05,0.3431511063232566
AOI-0051,2019-08-13,0.3064014307788057
AOI-0051,2019-08-22,0.2821756216818052
AOI-0051,2019-09-13,0.2870879053443708
AOI-0051,2019-10-16,0.3037095844324199
AOI-0051,2020-04-26,0.3981332555422912
AOI-0051,2020-06-09,0.7401240568069082
AOI-0051,2020-07-04,0.5037196975237709
AOI-0051,2020-07-27,0.3722036337188853
AOI-0051,2020-08-31,0.3178166775547765
AOI-0051,2020-09-07,0.2914200477354352
AOI-0051,2020-10-27,0.22144003554017555
AOI-0051,2021-05-06,0.7631548773858223
AOI-0051,2021-06-23,0.46974259539588054
AOI-0051,2021-07-19,0.312258354445755
AOI-0051,2021-07-28,0.3547151816710651
AOI-0051,2021-08-23,0.3683959045458986
AOI-0051,2021-08-28,0.3794942231482556
AOI-0051,2021-08-29,0.3791368776522288
AOI-0051,2021-09-03,0.3621654236478349
AOI-0051,2021-09-07,0.36244829337016127
AOI-0051,2021-10-02,0.330219392029645
AOI-0051,2021-10-21,0.251958627182858
AOI-0051,2022-05-09,0.45840053044410123
AOI-0051,2022-05-26,0.44357780854979967
AOI-0051,2022-05-27,0.4267627398749572
AOI-0051,2022-06-11,0.6269817669384046
AOI-0051,2022-06-19,0.714363092720205
AOI-0051,2022-06-30,0.7430949449147022
AOI-0051,2022-07-09,0.7675254177385524
AOI-0051,2022-07-12,0.7440306463248816
AOI-0051,2022-07-22,0.6184120770102397
AOI-0051,2022-07-24,0.6492175908421496
AOI-0051,2022-07-29,0.7244648106746792
AOI-0051,2022-08-13,0.6712219933275775
AOI-0051,2022-08-28,0.47371222724666373
AOI-0051,2022-09-06,0.47247340621462136
AOI-0051,2022-09-14,0.519966382473008
AOI-0051,2022-10-07,0.35363938198086087
AOI-0051,2022-10-15,0.2739077649632741
AOI-0051,2023-04-23,0.8327733433306908
AOI-0051,2023-07-31,0.35989292380382354
AOI-0051,2023-08-28,0.3833503443774986
AOI-0051,2023-09-09,0.31603517072268095
AOI-0051,2023-09-27,0.3969554047273606
AOI-0051,2023-10-04,0.35066348691324095
AOI-0051,2024-04-05,0.2711583697538434
AOI-0051,2024-05-04,0.4730573635014173
AOI-0051,2024-05-22,0.5027434243887346
AOI-0051,2024-06-03,0.6033327564053234
AOI-0051,2024-06-23,0.49661727863434535
AOI-0051,2024-07-28,0.35272857323629514
AOI-0051,2024-08-27,0.311984725035778
AOI-0051,2024-09-03,0.2603353841816604
AOI-0051,2024-10-01,0.23482709690705322
AOI-0051,2024-10-05,0.22998716553494264
AOI-0051,2024-10-06,0.22963035982105728
AOI-0051,2024-10-15,0.29220908310464866
AOI-0051,2025-05-09,0.860493427386805
AOI-0051,2025-06-10,0.5167020320992369
AOI-0051,2025-06-27,0.3847072789232484
AOI-0051,2025-07-05,0.3329532824400314
AOI-0051,2025-07-10,0.22578027170131848
AOI-0051,2025-08-05,0.20923921510494747
AOI-0051,2025-08-12,0.24983517512578393
AOI-0051,2025-09-15,0.25000173626000877
AOI-0051,2025-09-16,0.23346885578648086
AOI-0052,2025-04-19,0.2081845118597505
AOI-0052,2025-06-08,0.3593609899663295
AOI-0052,2025-06-11,0.42339869629123894
AOI-0052,2025-07-05,0.6967115274822023
AOI-0052,2025-07-18,0.37123111912133616
AOI-0052,2025-08-22,0.16017931279848258
AOI-0052,2025-08-27,0.15712895314217715
AOI-0052,2025-09-06,0.16147073831286168
AOI-0052,2025-09-14,0.18376648711496446
AOI-0052,2025-10-17,0.23276816397581956
AOI-0053,2025-04-11,0.7225542538444588
AOI-0053,2025-04-14,0.7261767803456716
AOI-0053,2025-04-16,0.7353013997298249
AOI-0053,2025-04-19,0.7779443036101593
AOI-0053,2025-04-23,0.8824944100052089
AOI-0053,2025-06-26,0.3227612211555669
AOI-0053,2025-07-28,0.18553016855330853
AOI-0053,2025-08-02,0.1787728856755137
AOI-0053,2025-08-09,0.1678860110565079
AOI-0053,2025-08-12,0.1703548345627187
AOI-0053,2025-08-29,0.1965442699937536
AOI-0053,2025-09-01,0.1774904381521194
AOI-0053,2025-09-07,0.18134081256346293
AOI-0053,2025-09-11,0.16355979331725937
AOI-0053,2025-09-14,0.19228610637930854
AOI-0053,2025-09-15,0.19972204059035414
AOI-0053,2025-09-21,0.1779946117570506
AOI-0053,2025-09-26,0.17335040699308413
AOI-0053,2025-10-28,0.23706544351314346
AOI-0054,2025-04-11,0.5901043594721759
AOI-0054,2025-04-19,0.6387379840372139
AOI-0054,2025-05-04,0.7703044572105013
AOI-0054,2025-06-03,0.8017191347557313
AOI-0054,2025-07-28,0.6601541711567762
AOI-0054,2025-08-12,0.7147609127644852
AOI-0054,2025-09-21,0.6786605809399194
AOI-0054,2025-09-30,0.6905673120983046
AOI-0054,2025-10-16,0.678974802019585
AOI-0055,2025-04-01,0.26957495587121827
AOI-0055,2025-04-11,0.3979638428794777
AOI-0055,2025-05-09,0.5267933017714999
AOI-0055,2025-07-04,0.5214802222804835
AOI-0055,2025-07-05,0.5194881089305999
AOI-0055,2025-07-08,0.5090970554814959
AOI-0055,2025-07-23,0.4685037186011976
AOI-0055,2025-08-17,0.4065860561267208
AOI-0055,2025-09-14,0.43303457976843207
AOI-0055,2025-09-22,0.4139367755195627
AOI-0056,2025-04-23,0.8067712780516062
AOI-0056,2025-05-24,0.7963212213724047
AOI-0056,2025-06-10,0.47859896220999415
AOI-0056,2025-06-19,0.37794406561310623
AOI-0056,2025-07-18,0.22485170143755256
AOI-0056,2025-07-23,0.21986687893834983
AOI-0056,2025-08-09,0.21173101876058784
AOI-0056,2025-09-06,0.2141563042687766
AOI-0056,2025-09-08,0.22044477561924442
AOI-0056,2025-10-16,0.2535047413518261
AOI-0057,2025-05-04,0.7890842050348094
AOI-0057,2025-05-09,0.8107431788668983
AOI-0057,2025-05-19,0.522154559484999
AOI-0057,2025-06-26,0.2753315349920891
AOI-0057,2025-06-27,0.2694364903515512
AOI-0057,2025-07-10,0.2109323519577294
AOI-0057,2025-07-13,0.2141066668097239
AOI-0057,2025-07-18,0.22490691646700883
AOI-0057,2025-08-05,0.15864012018776444
AOI-0057,2025-08-27,0.14811456764114714
AOI-0057,2025-09-01,0.15645407159772107
AOI-0057,2025-09-21,0.17807793573446412
AOI-0058,2010-04-23,0.35038053990019674
AOI-0058,2010-08-13,0.4127026746633421
AOI-0058,2010-08-29,0.33617729597104096
AOI-0058,2010-09-05,0.32653909534010644
AOI-0058,2011-04-02,0.3577630635471713
AOI-0058,2011-04-26,0.5232662498771234
AOI-0058,2011-06-12,0.7462572368138507
AOI-0058,2011-07-15,0.5485313314021512
AOI-0058,2011-08-29,0.3629088089319744
AOI-0058,2011-09-01,0.2833976908312744
AOI-0058,2011-10-02,0.34330777330035733
AOI-0058,2011-10-27,0.3884744831850661
AOI-0058,2012-04-22,0.5091391297131461
AOI-0058,2012-06-09,0.6450126015460957
AOI-0058,2012-06-23,0.6179167483715641
AOI-0058,2012-07-11,0.5640505135575942
AOI-0058,2012-08-12,0.43977375300283106
AOI-0058,2012-09-11,0.3741947683302863
AOI-0058,2013-04-07,0.4214814812196027
AOI-0058,2013-04-23,0.3782752033592547
AOI-0058,2013-05-09,0.4168993021268438
AOI-0058,2013-06-09,0.5799466581901295
AOI-0058,2013-06-10,0.6136804848549046
AOI-0058,2013-07-11,0.6728094484093098
AOI-0058,2013-07-19,0.6804505893226596
AOI-0058,2013-08-28,0.23386639292574063
AOI-0058,2013-10-16,0.31701102714630686
AOI-0058,2013-10-24,0.3126151395534757
AOI-0058,2014-04-25,0.8301240976938916
AOI-0058,2014-06-05,0.8135898925402145
AOI-0058,2014-06-10,0.756757131249177
AOI-0058,2014-09-14,0.3722386196429297
AOI-0058,2015-04-28,0.449831914365064
AOI-0058,2015-05-09,0.635086491882241
AOI-0058,2015-09-03,0.4670440408442138
AOI-0058,2015-09-27,0.49778935225136983
AOI-0058,2016-04-06,0.7507528032700257
AOI-0058,2016-04-30,0.8420577786103091
AOI-0058,2016-06-09,0.8378595885620447
AOI-0058,2016-07-27,0.5058886819275858
AOI-0058,2016-07-28,0.5030913600036481
AOI-0058,2016-08-13,0.4967534982903889
AOI-0058,2017-04-25,0.7972719155884952
AOI-0058,2017-07-15,0.255679152937559
AOI-0058,2017-09-13,0.2392488627667494
AOI-0058,2017-09-16,0.22332479151068899
AOI-0058,2018-05-15,0.6408461884262349
AOI-0058,2018-07-26,0.5015246080899693
AOI-0058,2018-08-02,0.5135809544379113
AOI-0058,2019-04-23,0.8543565318580267
AOI-0058,2019-05-25,0.8371528676390165
AOI-0058,2019-06-25,0.3349381610854757
AOI-0058,2019-06-27,0.31878229268837316
AOI-0058,2019-07-04,0.2711597320783676
AOI-0058,2019-08-30,0.20632682777222636
AOI-0058,2019-09-28,0.21517749195617847
AOI-0058,2019-09-30,0.21738318801772605
AOI-0058,2020-04-17,0.42389137542227184
AOI-0058,2020-05-04,0.494691599258951
AOI-0058,2020-06-05,0.5987785473648723
AOI-0058,2020-06-29,0.5860023763455163
AOI-0058,2020-07-06,0.5398410369346274
AOI-0058,2020-07-22,0.4592487976607253
AOI-0058,2020-07-30,0.3920019913894915
AOI-0058,2020-08-07,0.3679672258875158
AOI-0058,2020-08-12,0.376507678292923
AOI-0058,2020-08-23,0.3570100507666446
AOI-0058,2020-08-28,0.35215448946467354
AOI-0058,2020-09-24,0.32297227582034416
AOI-0058,2020-10-27,0.2927109037724287
AOI-0058,2021-04-15,0.6013356876541495
AOI-0058,2021-05-09,0.6568688348860614
AOI-0058,2021-05-31,0.714603515868665
AOI-0058,2021-07-09,0.5794324592308286
AOI-0058,2021-07-14,0.505548779435168
AOI-0058,2021-07-25,0.49182422368597706
AOI-0058,2021-08-13,0.27450598243475144
AOI-0058,2021-08-28,0.38715354643420996
AOI-0058,2021-09-27,0.5315872158847492
AOI-0058,2022-06-10,0.8468935975349952
AOI-0058,2022-06-18,0.7700026137929149
AOI-0058,2022-07-04,0.31115819962292585
AOI-0058,2022-07-12,0.24062494119295014
AOI-0058,2022-07-17,0.20163445087060075
AOI-0058,2022-07-29,0.25545219583109235
AOI-0058,2022-09-14,0.2839713305197959
AOI-0058,2023-05-09,0.5416378188077665
AOI-0058,2023-05-20,0.6197667512634096
AOI-0058,2023-06-28,0.8392646611459861
AOI-0058,2023-08-17,0.48454578074466664
AOI-0058,2023-09-02,0.4193526747307876
AOI-0058,2023-09-10,0.4881990642452392
AOI-0058,2023-09-27,0.49904117512269686
AOI-0058,2023-10-12,0.4423984705303632
AOI-0058,2024-04-09,0.7222059855862931
AOI-0058,2024-05-09,0.8139741986531605
AOI-0058,2024-06-03,0.6755045480184673
AOI-0058,2024-06-23,0.4408491967735116
AOI-0058,2024-06-28,0.39465633598848293
AOI-0058,2024-07-09,0.36066822608081167
AOI-0058,2024-07-26,0.24830825891815372
AOI-0058,2024-07-27,0.28549102014960437
AOI-0058,2024-08-18,0.2520974187666271
AOI-0058,2024-08-27,0.2355966027521716
AOI-0058,2024-08-28,0.24956774602865217
AOI-0058,2024-09-21,0.2483358550166152
AOI-0058,2024-09-28,0.22493787991403907
AOI-0058,2024-10-01,0.22052178206193157
AOI-0058,2024-10-30,0.23037070587470027
AOI-0058,2025-04-07,0.47620921113470716
AOI-0058,2025-04-16,0.5004958668475468
AOI-0058,2025-04-24,0.6242220351261119
AOI-0058,2025-07-18,0.3664960108201668
AOI-0058,2025-07-28,0.32216552435248647
AOI-0058,2025-08-02,0.28612197217513985
AOI-0058,2025-08-06,0.290460753200257
AOI-0058,2025-08-09,0.2382366237714347
AOI-0058,2025-08-12,0.2264847485090994
AOI-0058,2025-08-14,0.21687374287915157
AOI-0058,2025-09-14,0.22529440995417857
AOI-0058,2025-09-22,0.2141757347091519
AOI-0059,2010-06-26,0.7901739199771407
AOI-0059,2010-07-19,0.6949540261388756
AOI-0059,2010-08-28,0.25832094825275437
AOI-0059,2011-04-23,0.7387702804000217
AOI-0059,2011-05-27,0.8368464237247111
AOI-0059,2011-05-28,0.80891710339952
AOI-0059,2011-06-12,0.7208439116409437
AOI-0059,2011-06-26,0.7575165161428731
AOI-0059,2011-07-07,0.7339427483817217
AOI-0059,2011-07-28,0.5173011167626322
AOI-0059,2011-08-08,0.4990750294930566
AOI-0059,2011-08-23,0.4945422776694489
AOI-0059,2012-04-04,0.5904634058108692
AOI-0059,2012-08-12,0.39098245960650835
AOI-0059,2012-08-26,0.35334480278973734
AOI-0059,2012-09-11,0.2803997077679354
AOI-0059,2012-10-13,0.34980261804092116
AOI-0059,2013-05-09,0.9036954672996903
AOI-0059,2013-06-18,0.3329873752372543
AOI-0059,2013-07-20,0.19138144299739138
AOI-0059,2013-08-13,0.2624679722386659
AOI-0059,2013-08-21,0.22175823578468246
AOI-0059,2013-10-16,0.32552308191309604
AOI-0059,2014-05-09,0.9038116785066478
AOI-0059,2014-10-27,0.26322997415370625
AOI-0059,2015-04-13,0.261726057728295
AOI-0059,2015-05-22,0.42680476688602204
AOI-0059,2015-06-07,0.7470957946204088
AOI-0059,2015-08-02,0.772925008777912
AOI-0059,2015-08-10,0.7144280235495661
AOI-0059,2015-08-29,0.6069778137618821
AOI-0059,2015-09-27,0.4874836452439554
AOI-0059,2015-09-30,0.4137111003906664
AOI-0059,2016-05-25,0.8985160033088645
AOI-0059,2016-07-04,0.3665296549373337
AOI-0059,2016-09-14,0.20685371226085064
AOI-0059,2016-10-24,0.27017913001540894
AOI-0059,2017-04-02,0.5772294483436597
AOI-0059,2017-05-06,0.879451541185673
AOI-0059,2017-05-27,0.8913722050194045
AOI-0059,2017-06-04,0.8741899981149325
AOI-0059,2017-06-10,0.8712613863083652
AOI-0059,2017-07-12,0.26095228146887706
AOI-0059,2017-07-23,0.1990613820843149
AOI-0059,2017-07-28,0.22650772642417558
AOI-0059,2017-08-13,0.20086469574229543
AOI-0059,2017-08-29,0.2622939614950884
AOI-0059,2017-09-24,0.2049863572809226
AOI-0059,2018-04-07,0.29254457404811424
AOI-0059,2018-05-22,0.4468256418596053
AOI-0059,2018-05-31,0.472110131543007
AOI-0059,2018-07-09,0.595481233049609
AOI-0059,2018-07-18,0.504213977891508
AOI-0059,2018-07-26,0.4741644949561635
AOI-0059,2018-08-02,0.3965697420552717
AOI-0059,2018-08-10,0.34928073282331595
AOI-0059,2018-08-13,0.33631425078342003
AOI-0059,2018-10-06,0.20031076667188058
AOI-0059,2019-04-11,0.6874394279175233
AOI-0059,2019-04-21,0.7484958399050033
AOI-0059,2019-04-23,0.8009699048849114
AOI-0059,2019-05-21,0.8531818886894239
AOI-0059,2019-06-02,0.8128921322891469
AOI-0059,2019-06-05,0.7851285342790707
AOI-0059,2019-06-10,0.7621073809250108
AOI-0059,2019-06-15,0.6171821469477937
AOI-0059,2019-06-30,0.27193932843062996
AOI-0059,2019-07-29,0.27062027296053925
AOI-0059,2019-08-21,0.22135315269013917
AOI-0059,2019-08-24,0.1816184606320364
AOI-0059,2019-09-03,0.2176567181888796
AOI-0059,2019-10-13,0.21693399092276117
AOI-0059,2019-10-24,0.23853949472599148
AOI-0059,2020-04-09,0.23516334553981108
AOI-0059,2020-04-18,0.22129623353806538
AOI-0059,2020-04-25,0.2274752305106449
AOI-0059,2020-05-08,0.4137973642610464
AOI-0059,2020-05-12,0.375004682244621
AOI-0059,2020-06-05,0.6452228456701562
AOI-0059,2020-07-11,0.7155749450528829
AOI-0059,2020-07-30,0.704946545915783
AOI-0059,2020-10-26,0.2174201043088464
AOI-0059,2021-06-19,0.657446091076212
AOI-0059,2021-06-23,0.6039463760555862
AOI-0059,2021-06-29,0.4321488977040847
AOI-0059,2021-07-28,0.25357927208581554
AOI-0059,2021-07-29,0.24120624908865607
AOI-0059,2021-08-18,0.4048324765266772
AOI-0059,2021-08-28,0.6345885148867058
AOI-0059,2021-09-07,0.7498661477462412
AOI-0059,2021-09-17,0.7290660150906911
AOI-0059,2021-09-28,0.28382352230835817
AOI-0059,2021-09-30,0.3050053657709572
AOI-0059,2021-10-16,0.2469513644924397
AOI-0059,2022-04-15,0.29127633614368753
AOI-0059,2022-06-10,0.8024069219542396
AOI-0059,2022-06-11,0.7951796719368497
AOI-0059,2022-07-20,0.7825601766222098
AOI-0059,2022-08-18,0.6881527368567872
AOI-0059,2022-09-27,0.3924052895772569
AOI-0059,2022-10-08,0.3971297671305133
AOI-0059,2023-05-13,0.8718720047530325
AOI-0059,2023-05-25,0.8565121283382433
AOI-0059,2023-06-18,0.8293521880713521
AOI-0059,2023-07-16,0.2688371849175482
AOI-0059,2023-07-29,0.19270250416790874
AOI-0059,2023-09-30,0.23734475649216974
AOI-0059,2023-10-12,0.21154368748564506
AOI-0059,2023-10-16,0.2359253218972494
AOI-0059,2024-04-04,0.37186846813636865
AOI-0059,2024-04-13,0.30405442753056955
AOI-0059,2024-04-22,0.4146652411195353
AOI-0059,2024-05-19,0.3494498863787353
AOI-0059,2024-06-09,0.551106270682131
AOI-0059,2024-07-13,0.35231017358931194
AOI-0059,2024-07-17,0.32532356658880757
AOI-0059,2024-07-27,0.23077119652627526
AOI-0059,2024-09-11,0.22760847876525186
AOI-0059,2025-04-01,0.5781120117306662
AOI-0059,2025-04-23,0.8545774175322766
AOI-0059,2025-05-01,0.8296355928543342
AOI-0059,2025-05-09,0.846920725196302
AOI-0059,2025-05-17,0.8161169017502377
AOI-0059,2025-06-10,0.3747539537252987
AOI-0059,2025-08-29,0.18762855850273757
AOI-0059,2025-09-07,0.19745496877388452
AOI-0059,2025-10-08,0.20828657177362192
AOI-0059,2025-10-28,0.2860163604940115
AOI-0060,2025-04-14,0.7604056309097422
AOI-0060,2025-04-29,0.7883009737936887
AOI-0060,2025-06-03,0.4525218740250856
AOI-0060,2025-07-04,0.5581662422988678
AOI-0060,2025-07-05,0.5598759163912169
AOI-0060,2025-07-21,0.2897414875170826
AOI-0060,2025-08-05,0.21458826776943024
AOI-0060,2025-08-29,0.2268440055111813
AOI-0060,2025-08-30,0.22631027139788587
AOI-0060,2025-09-01,0.2235990989007255
AOI-0060,2025-09-11,0.21412075100702013
AOI-0061,2010-04-23,0.3834294214081861
AOI-0061,2010-05-26,0.72271019609675
AOI-0061,2010-06-11,0.7360450421066219
AOI-0061,2011-06-30,0.5396184108974658
AOI-0061,2011-07-28,0.4669741059479679
AOI-0061,2011-09-18,0.28287976189325614
AOI-0061,2011-09-26,0.3498186019245033
AOI-0061,2012-04-06,0.3613332495674074
AOI-0061,2012-05-24,0.6794999603357451
AOI-0061,2012-08-28,0.48301414955413574
AOI-0061,2012-09-04,0.4306107253208208
AOI-0061,2012-10-22,0.19567803275637535
AOI-0061,2013-04-16,0.6947903440605495
AOI-0061,2013-06-10,0.6969867988180329
AOI-0061,2013-06-26,0.5057751365686597
AOI-0061,2013-08-29,0.247128934014137
AOI-0061,2013-09-14,0.2351279773891306
AOI-0061,2013-10-09,0.20215507577083164
AOI-0061,2014-04-27,0.8197471647989728
AOI-0061,2014-06-26,0.39103628987128936
AOI-0061,2014-07-28,0.24202059483828697
AOI-0061,2015-04-07,0.3304952197553443
AOI-0061,2015-05-08,0.2827006559453715
AOI-0061,2015-09-29,0.24404460320152618
AOI-0061,2016-04-22,0.7399777915937072
AOI-0061,2016-06-19,0.6213812070591535
AOI-0061,2016-06-27,0.4678305413019606
AOI-0061,2016-07-13,0.3757221535524385
AOI-0061,2017-04-03,0.19117553795241735
AOI-0061,2017-05-25,0.3713571786074087
AOI-0061,2017-07-02,0.8456682750826654
AOI-0061,2017-07-27,0.7614998953955883
AOI-0061,2017-08-11,0.5063710871712306
AOI-0061,2017-09-02,0.25493846985139595
AOI-0061,2018-04-07,0.7525089873986197
AOI-0061,2018-06-10,0.7683968410213294
AOI-0061,2019-04-09,0.2257590947764483
AOI-0061,2019-05-13,0.32224034442733207
AOI-0061,2019-05-21,0.39514179177117587
AOI-0061,2019-05-25,0.6018570536638898
AOI-0061,2019-06-27,0.7510379613181924
AOI-0061,2019-07-12,0.7194727573090192
AOI-0061,2019-08-21,0.6253504653715397
AOI-0061,2019-09-14,0.2665838930235346
AOI-0061,2019-09-23,0.17851440947883745
AOI-0061,2019-10-18,0.23011067660627016
AOI-0061,2019-10-20,0.23963609956125123
AOI-0061,2020-04-17,0.3473368523545697
AOI-0061,2020-05-24,0.635448522194904
AOI-0061,2020-07-16,0.3062629672613863
AOI-0061,2020-07-19,0.30237165860580045
AOI-0061,2020-07-24,0.30916740764289186
AOI-0061,2020-07-27,0.32817164935102583
AOI-0061,2020-08-08,0.24936722465314734
AOI-0061,2020-08-17,0.2712899637551086
AOI-0061,2020-08-18,0.262979878678299
AOI-0061,2020-08-23,0.23592448321516124
AOI-0061,2020-09-18,0.18588483195148747
AOI-0061,2020-10-17,0.1274400553729614
AOI-0061,2020-10-29,0.16351748009815398
AOI-0061,2021-05-05,0.8655919152517214
AOI-0061,2021-05-08,0.8863051313733229
AOI-0061,2021-05-15,0.8732724972204061
AOI-0061,2021-07-21,0.19745912925467107
AOI-0061,2021-07-24,0.21580134823577857
AOI-0061,2021-08-04,0.28069611944298595
AOI-0061,2021-08-28,0.30677574139804253
AOI-0061,2021-08-29,0.30929640378623047
AOI-0061,2021-10-29,0.2055963401188092
AOI-0061,2022-04-09,0.20962947912738655
AOI-0061,2022-05-09,0.3389341851526818
AOI-0061,2022-05-22,0.4257348536307395
AOI-0061,2022-05-25,0.5263401852675227
AOI-0061,2022-05-27,0.4999036584248475
AOI-0061,2022-06-12,0.7916972068356233
AOI-0061,2022-06-29,0.8673348367507046
AOI-0061,2022-07-06,0.8004501155869249
AOI-0061,2022-07-21,0.7975927417550959
AOI-0061,2022-07-22,0.7963531173084527
AOI-0061,2022-07-28,0.7974754479711389
AOI-0061,2022-08-23,0.36304967456463655
AOI-0061,2023-04-07,0.5591712231144299
AOI-0061,2023-04-25,0.7081476829032322
AOI-0061,2023-05-05,0.7348568320151332
AOI-0061,2023-05-06,0.732190402520511
AOI-0061,2023-05-17,0.7414448406349499
AOI-0061,2023-06-06,0.8088920335180302
AOI-0061,2023-06-21,0.745683244464664
AOI-0061,2023-07-17,0.46864930644688574
AOI-0061,2023-07-21,0.47001515443083375
AOI-0061,2023-07-27,0.4452495642257157
AOI-0061,2023-09-24,0.18216552793258595
AOI-0061,2023-10-14,0.17469543852575725
AOI-0061,2023-10-29,0.1705292249310889
AOI-0061,2024-04-29,0.4174725291818659
AOI-0061,2024-05-01,0.43170729267881
AOI-0061,2024-05-08,0.5202885227171081
AOI-0061,2024-06-20,0.5475632876007361
AOI-0061,2024-07-15,0.44498072295748103
AOI-0061,2024-08-09,0.3437735881975997
AOI-0061,2024-08-12,0.3510726705673707
AOI-0061,2024-09-06,0.21780712398213775
AOI-0061,2024-09-26,0.19467691931991976
AOI-0061,2024-10-07,0.2141090705131663
AOI-0061,2025-04-16,0.669907932191415
AOI-0061,2025-04-19,0.6986101979330306
AOI-0061,2025-05-28,0.8675789905600518
AOI-0061,2025-06-28,0.5397996134395483
AOI-0061,2025-07-07,0.4198278796932422
AOI-0061,2025-07-10,0.3074051913486125
AOI-0061,2025-07-28,0.2017638828677426
AOI-0061,2025-08-16,0.2178130524291598
AOI-0061,2025-08-29,0.22687604608542394
AOI-0061,2025-09-24,0.31160721730787
AOI-0061,2025-09-26,0.3013747617203511
AOI-0061,2025-10-16,0.34470552210830957
AOI-0062,2010-04-24,0.8049885339427459
AOI-0062,2010-05-09,0.8549254369102716
AOI-0062,2010-05-26,0.8684093666589323
AOI-0062,2010-08-13,0.2054331484356921
AOI-0062,2010-10-16,0.3114507811740034
AOI-0062,2011-06-14,0.6492184351345186
AOI-0062,2011-07-28,0.4366467552840259
AOI-0062,2011-10-16,0.41053168075585683
AOI-0062,2012-06-09,0.6585854814910961
AOI-0062,2012-08-28,0.21967553462745718
AOI-0062,2012-09-04,0.2022889968442671
AOI-0062,2012-09-13,0.22069010705335107
AOI-0062,2013-04-23,0.35604688525096884
AOI-0062,2013-07-12,0.7127404586408844
AOI-0062,2013-07-28,0.7003182072121729
AOI-0062,2013-09-14,0.2831600625836289
AOI-0062,2013-10-16,0.24176038975431388
AOI-0062,2014-06-30,0.3192393133036523
AOI-0062,2014-10-04,0.38881177177594733
AOI-0062,2015-04-22,0.6812214034251642
AOI-0062,2015-05-09,0.6718207540722937
AOI-0062,2015-09-05,0.18236843782473466
AOI-0062,2015-09-21,0.2210390676499017
AOI-0062,2016-05-08,0.8816062172094332
AOI-0062,2016-07-11,0.2649271447461007
AOI-0062,2016-07-27,0.3276661078005343
AOI-0062,2016-09-13,0.218695328423853
AOI-0062,2016-10-25,0.24701980681453095
AOI-0062,2017-04-07,0.2851151187943082
AOI-0062,2017-07-28,0.7460667949347903
AOI-0062,2017-09-15,0.16997386887878188
AOI-0062,2018-04-06,0.664447986908828
AOI-0062,2018-04-07,0.7537754116084474
AOI-0062,2018-06-02,0.7971098673178583
AOI-0062,2018-06-25,0.2846270095340586
AOI-0062,2018-07-28,0.2578648769433056
AOI-0062,2018-08-28,0.1826952073847919
AOI-0062,2019-04-08,0.2132843290821879
AOI-0062,2019-04-11,0.23698128715145556
AOI-0062,2019-06-17,0.7168281024706635
AOI-0062,2019-07-06,0.7142278380017458
AOI-0062,2019-08-09,0.6739510467313858
AOI-0062,2019-08-23,0.36372260155670505
AOI-0062,2019-09-23,0.1422134169528789
AOI-0062,2019-10-18,0.16008037025099475
AOI-0062,2019-10-23,0.2223423635166361
AOI-0062,2019-10-28,0.2305469083961485
AOI-0062,2020-04-30,0.7506327502324438
AOI-0062,2020-05-30,0.7613091018562282
AOI-0062,2020-06-16,0.5286710375076189
AOI-0062,2020-07-26,0.16259587714382562
AOI-0062,2020-08-18,0.17358133252711447
AOI-0062,2020-08-20,0.18007973493160578
AOI-0062,2020-08-23,0.18489701044735768
AOI-0062,2020-08-25,0.18724650476967142
AOI-0062,2020-09-07,0.16603395206944652
AOI-0062,2020-09-09,0.17035406074383563
AOI-0062,2020-10-07,0.13414835810261297
AOI-0062,2020-10-15,0.2153647132257439
AOI-0062,2021-04-23,0.288770011134911
AOI-0062,2021-05-05,0.24291381611010704
AOI-0062,2021-05-08,0.20835197356277796
AOI-0062,2021-05-12,0.208874912463818
AOI-0062,2021-06-06,0.43813399687400734
AOI-0062,2021-06-10,0.48478958732914484
AOI-0062,2021-07-01,0.7091209895093266
AOI-0062,2021-07-26,0.7319625315213865
AOI-0062,2021-07-29,0.7141530283872269
AOI-0062,2021-09-12,0.2227987772622522
AOI-0062,2021-09-13,0.21625622556427554
AOI-0062,2021-09-19,0.16698272651508073
AOI-0062,2021-09-27,0.17060209386234915
AOI-0062,2021-09-29,0.17795489814585153
AOI-0062,2021-10-07,0.17456568999504457
AOI-0062,2021-10-16,0.23209660538194132
AOI-0062,2022-04-10,0.7352912722926795
AOI-0062,2022-04-27,0.8374754260214474
AOI-0062,2022-05-11,0.8520230691515971
AOI-0062,2022-05-25,0.8365288992198504
AOI-0062,2022-07-21,0.2613961207340239
AOI-0062,2022-07-24,0.2241495412890926
AOI-0062,2022-08-23,0.17734933419263654
AOI-0062,2022-09-14,0.2109720629286383
AOI-0062,2022-09-18,0.1827463709138025
AOI-0062,2022-09-30,0.22546417874479852
AOI-0062,2022-10-19,0.16712009678044618
AOI-0062,2023-05-17,0.34941470284577636
AOI-0062,2023-06-18,0.862504997181711
AOI-0062,2023-06-24,0.8613938689763082
AOI-0062,2023-07-14,0.7999870555152941
AOI-0062,2023-08-05,0.47013766003868535
AOI-0062,2023-08-25,0.17962702124748858
AOI-0062,2023-09-17,0.16046478107820114
AOI-0062,2023-10-12,0.1813883823323498
AOI-0062,2023-10-16,0.22411350451825104
AOI-0062,2024-04-22,0.8434049470836906
AOI-0062,2024-06-03,0.7895111411727305
AOI-0062,2024-06-08,0.6957741329701087
AOI-0062,2024-06-23,0.30004190128729324
AOI-0062,2024-07-30,0.15442588525650977
AOI-0062,2024-08-04,0.16259306692294823
AOI-0062,2024-08-12,0.18438901468915264
AOI-0062,2024-09-06,0.15077732206407693
AOI-0062,2024-10-26,0.16850428593897182
AOI-0062,2025-04-01,0.20294914657050578
AOI-0062,2025-04-07,0.3439147771098291
AOI-0062,2025-04-11,0.2674699374480926
AOI-0062,2025-04-24,0.2510373005506539
AOI-0062,2025-04-29,0.27558480950590825
AOI-0062,2025-05-28,0.526661078166305
AOI-0062,2025-06-28,0.8091831256519025
AOI-0062,2025-07-06,0.7924560699569551
AOI-0062,2025-07-07,0.7809947224854512
AOI-0062,2025-07-15,0.5449367409868418
AOI-0062,2025-07-25,0.4325848959377452
AOI-0062,2025-08-02,0.3046094831776549
AOI-0062,2025-08-17,0.2695293262131918
AOI-0062,2025-09-24,0.17934364453087928
AOI-0062,2025-09-30,0.2600506701114828
AOI-0062,2025-10-08,0.17260363169811951
AOI-0062,2025-10-13,0.18819621729107067
AOI-0063,2025-04-14,0.2615046928294144
AOI-0063,2025-04-19,0.2513624731860593
AOI-0063,2025-04-23,0.33388915121161367
AOI-0063,2025-04-24,0.26139597378037616
AOI-0063,2025-05-06,0.23522102975124606
AOI-0063,2025-05-25,0.5079776671013365
AOI-0063,2025-06-05,0.747282269604481
AOI-0063,2025-06-25,0.8324364092082176
AOI-0063,2025-06-28,0.8322070308267959
AOI-0063,2025-06-30,0.7739342411102499
AOI-0063,2025-07-06,0.7722722915423901
AOI-0063,2025-07-07,0.7729185443263153
AOI-0063,2025-07-22,0.5406916871899562
AOI-0063,2025-08-23,0.39637237275980175
AOI-0063,2025-09-13,0.24367058944779546
AOI-0063,2025-09-14,0.26726190145573364
AOI-0064,2025-04-14,0.47442968613426484
AOI-0064,2025-04-23,0.5609801687027639
AOI-0064,2025-04-24,0.49577079255830786
AOI-0064,2025-06-03,0.7769691065869562
AOI-0064,2025-06-05,0.7655423606412513
AOI-0064,2025-06-26,0.47795564873687807
AOI-0064,2025-06-27,0.41059763927901655
AOI-0064,2025-06-28,0.3779062204952531
AOI-0064,2025-07-10,0.24062368118390026
AOI-0064,2025-08-12,0.16846088515535107
AOI-0064,2025-08-19,0.18272323033580387
AOI-0064,2025-08-27,0.17489058158921725
AOI-0064,2025-08-31,0.19220252158443565
AOI-0064,2025-09-13,0.18241348416525938
AOI-0064,2025-10-06,0.20362143784520229
AOI-0064,2025-10-13,0.18816579995028906
AOI-0065,2025-04-19,0.416564561666258
AOI-0065,2025-05-01,0.49589534690447895
AOI-0065,2025-06-04,0.5853866620598462
AOI-0065,2025-06-05,0.5748742771033786
AOI-0065,2025-06-08,0.5676781663086364
AOI-0065,2025-06-26,0.6006880812246022
AOI-0065,2025-07-15,0.4569183435455152
AOI-0065,2025-07-18,0.44014930232471056
AOI-0065,2025-08-07,0.21830460787945444
AOI-0065,2025-08-17,0.24501908292886904
AOI-0065,2025-09-14,0.2496479948896485
AOI-0065,2025-09-25,0.21931758625943576
AOI-0065,2025-09-30,0.2972933877127807
AOI-0065,2025-10-08,0.22392792330553293
AOI-0066,2025-06-05,0.5190074043924204
AOI-0066,2025-07-05,0.7944772433144598
AOI-0066,2025-07-15,0.6757141333414132
AOI-0066,2025-07-25,0.5458102028700129
AOI-0066,2025-07-27,0.5166666928650228
AOI-0066,2025-08-14,0.30817871055877466
AOI-0066,2025-09-01,0.20384528378205743
AOI-0067,2010-04-25,0.18475550821546805
AOI-0067,2010-06-20,0.1804757206191065
AOI-0067,2010-06-26,0.19249011183195763
AOI-0067,2010-07-13,0.17369858896044132
AOI-0067,2010-07-21,0.15556632331671386
AOI-0067,2010-08-06,0.14343253256252367
AOI-0067,2010-08-07,0.14650533176734398
AOI-0067,2010-08-15,0.1564584046628625
AOI-0067,2010-09-23,0.16089133925959864
AOI-0067,2010-10-09,0.1686505993699182
AOI-0067,2011-05-09,0.30073545944960456
AOI-0067,2011-05-14,0.22833296311074797
AOI-0067,2011-09-03,0.355953019652607
AOI-0067,2011-09-19,0.29832057592427697
AOI-0067,2012-05-08,0.369685157001063
AOI-0067,2012-06-09,0.21531251064377827
AOI-0067,2012-07-27,0.16109169356705516
AOI-0067,2012-09-29,0.1788370457603317
AOI-0067,2013-07-30,0.28371401024419696
AOI-0067,2013-08-29,0.34994588996698367
AOI-0067,2014-05-21,0.195764170501892
AOI-0067,2014-05-25,0.2502024996288915
AOI-0067,2014-06-06,0.19816416401670772
AOI-0067,2014-06-07,0.1988214943749222
AOI-0067,2014-07-01,0.21877447428111413
AOI-0067,2014-07-16,0.18889865996140637
AOI-0067,2014-07-17,0.18327455991628608
AOI-0067,2014-09-14,0.2018925921298025
AOI-0067,2014-10-12,0.1389247355493915
AOI-0067,2015-04-15,0.15449990792816903
AOI-0067,2015-05-09,0.2966758408645712
AOI-0067,2015-06-02,0.20127016274560997
AOI-0067,2015-06-18,0.2476265026170466
AOI-0067,2015-07-12,0.3853609354686919
AOI-0067,2015-07-20,0.40280486360225015
AOI-0067,2015-08-29,0.5067192390337465
AOI-0067,2015-09-14,0.3612988661881563
AOI-0067,2015-09-29,0.24762981945418594
AOI-0067,2016-05-03,0.22692110552001465
AOI-0067,2016-05-10,0.24384417804933564
AOI-0067,2016-05-11,0.2411715804985251
AOI-0067,2016-06-25,0.1950931857198417
AOI-0067,2016-07-14,0.20265725609634233
AOI-0067,2016-07-27,0.2891645475174745
AOI-0067,2016-09-29,0.22056354530662164
AOI-0067,2016-10-25,0.18610508535813536
AOI-0067,2017-04-04,0.1245130260522503
AOI-0067,2017-04-28,0.16119509196634652
AOI-0067,2017-05-05,0.17134821262165548
AOI-0067,2017-06-07,0.2920738077800967
AOI-0067,2017-07-09,0.4769887597964272
AOI-0067,2017-07-25,0.5588550382770804
AOI-0067,2017-08-02,0.5823988257624136
AOI-0067,2017-08-11,0.5417558500797637
AOI-0067,2017-08-13,0.5452555754268616
AOI-0067,2017-08-29,0.5242327751167599
AOI-0067,2017-09-14,0.4828099831235451
AOI-0067,2017-09-20,0.4177119597377893
AOI-0067,2018-04-06,0.13700043758166136
AOI-0067,2018-04-23,0.20781429094399656
AOI-0067,2018-05-25,0.22050420117042763
AOI-0067,2018-07-11,0.22043526712475264
AOI-0067,2018-08-29,0.20356144822693967
AOI-0067,2019-05-08,0.7646700625618736
AOI-0067,2019-05-28,0.8242311910615845
AOI-0067,2019-06-12,0.466927305365956
AOI-0067,2019-07-12,0.1979659788598888
AOI-0067,2019-07-14,0.18400726760043612
AOI-0067,2019-07-28,0.346771282815212
AOI-0067,2019-08-08,0.4026855599186238
AOI-0067,2019-08-11,0.3910142089806932
AOI-0067,2019-08-29,0.2918557233084329
AOI-0067,2019-09-05,0.28446902580791533
AOI-0067,2019-09-16,0.27465326068671525
AOI-0067,2019-09-24,0.27572832275450815
AOI-0067,2019-10-02,0.24100594549483761
AOI-0067,2019-10-03,0.2456734022445236
AOI-0067,2019-10-15,0.2831808490041505
AOI-0067,2020-04-22,0.22346494297258673
AOI-0067,2020-04-27,0.17066685647131774
AOI-0067,2020-05-02,0.1796226299813616
AOI-0067,2020-05-08,0.2676302024720973
AOI-0067,2020-07-06,0.6248741594723014
AOI-0067,2020-07-25,0.42580533206875343
AOI-0067,2020-07-26,0.4248754965484473
AOI-0067,2020-07-27,0.43966208773091275
AOI-0067,2020-08-25,0.3809218146353298
AOI-0067,2020-10-15,0.2455392254672416
AOI-0067,2021-05-16,0.2842735897782447
AOI-0067,2021-06-06,0.6292788771134818
AOI-0067,2021-06-16,0.6783114423726233
AOI-0067,2021-06-18,0.6772007077768054
AOI-0067,2021-07-04,0.4397812956942114
AOI-0067,2021-08-30,0.3006523341269924
AOI-0067,2021-09-09,0.31294308417243183
AOI-0067,2021-10-09,0.1828673984892879
AOI-0067,2022-04-02,0.11750938769100877
AOI-0067,2022-04-23,0.27103216853093487
AOI-0067,2022-04-26,0.1868128255855817
AOI-0067,2022-06-01,0.2443617131256934
AOI-0067,2022-07-01,0.6370982291626648
AOI-0067,2022-08-23,0.442847715791523
AOI-0067,2022-08-24,0.4406771692056894
AOI-0067,2022-08-29,0.39704340573434105
AOI-0067,2022-09-01,0.36640194833191153
AOI-0067,2022-09-25,0.3183320907958304
AOI-0067,2022-10-09,0.27561883354837036
AOI-0067,2022-10-14,0.28673014008435715
AOI-0067,2023-04-23,0.23313140455936715
AOI-0067,2023-05-31,0.20002095895312488
AOI-0067,2023-06-30,0.718863170384297
AOI-0067,2023-07-12,0.6710479864692567
AOI-0067,2023-07-21,0.5875744376633218
AOI-0067,2023-07-27,0.4685389411402725
AOI-0067,2023-08-26,0.3166412914492945
AOI-0067,2023-09-24,0.21563566127464176
AOI-0067,2023-09-27,0.21527652362475413
AOI-0067,2023-10-05,0.2390112360402102
AOI-0067,2023-10-13,0.2168473819228034
AOI-0067,2024-04-01,0.18755840564926407
AOI-0067,2024-04-11,0.22286651042175412
AOI-0067,2024-05-09,0.441441984342686
AOI-0067,2024-05-24,0.6361256702478959
AOI-0067,2024-07-05,0.2993698427058942
AOI-0067,2024-07-10,0.28273337297160495
AOI-0067,2024-08-29,0.17498992178554268
AOI-0067,2024-09-06,0.17653088870741718
AOI-0067,2024-09-23,0.1596189207268017
AOI-0067,2025-04-17,0.1595583610375283
AOI-0067,2025-04-23,0.21877408946229815
AOI-0067,2025-04-28,0.14920217944811326
AOI-0067,2025-06-05,0.15185624508546053
AOI-0067,2025-06-21,0.25295288007960304
AOI-0067,2025-06-26,0.33582139653713855
AOI-0067,2025-07-05,0.4769201686687586
AOI-0067,2025-07-14,0.4148967896794743
AOI-0067,2025-07-15,0.3875508041559463
AOI-0067,2025-08-06,0.5878577923546663
AOI-0067,2025-09-01,0.4370289772519805
AOI-0067,2025-09-23,0.2820606093658794
AOI-0067,2025-10-03,0.23331476589599415
AOI-0068,2010-04-16,0.14161519834216324
AOI-0068,2010-05-02,0.18015574991919997
AOI-0068,2010-05-09,0.29615107127150775
AOI-0068,2010-06-20,0.1583262559621835
AOI-0068,2010-07-13,0.15140803570184613
AOI-0068,2010-07-14,0.14595383288856795
AOI-0068,2010-07-28,0.17892375391317092
AOI-0068,2010-08-07,0.1307816000147712
AOI-0068,2010-08-29,0.1704174458366616
AOI-0068,2011-04-07,0.45488380244225085
AOI-0068,2011-05-30,0.606163636590253
AOI-0068,2011-06-15,0.3782230714422237
AOI-0068,2011-06-23,0.26005244192173527
AOI-0068,2011-07-16,0.18140054281365198
AOI-0068,2011-08-09,0.188954720374913
AOI-0068,2011-09-03,0.18332678798752056
AOI-0068,2012-07-27,0.19564820142619654
AOI-0068,2012-08-03,0.16843441260956435
AOI-0068,2012-10-22,0.16114912059425687
AOI-0068,2013-06-19,0.24736526880035264
AOI-0068,2013-06-27,0.2262389560005977
AOI-0068,2013-07-28,0.20711753147451664
AOI-0068,2014-04-27,0.4529196277556585
AOI-0068,2014-07-28,0.16202619607579072
AOI-0068,2014-08-17,0.1393420070277222
AOI-0068,2014-08-25,0.18395554376440837
AOI-0068,2014-10-05,0.18088648955498363
AOI-0068,2014-10-16,0.20523460963529594
AOI-0068,2014-10-29,0.16703719780079887
AOI-0068,2015-06-09,0.34439308763611015
AOI-0068,2015-07-27,0.26975240798572664
AOI-0068,2015-08-04,0.22231794492338267
AOI-0068,2016-05-02,0.31999069472735175
AOI-0068,2016-05-11,0.3126072202528346
AOI-0068,2016-07-14,0.32412317494844367
AOI-0068,2016-08-28,0.24439544887271775
AOI-0068,2016-09-13,0.2390456856524198
AOI-0068,2016-09-29,0.3149888458479635
AOI-0068,2017-05-14,0.5022575425575432
AOI-0068,2017-06-10,0.49807679222972595
AOI-0068,2017-06-22,0.36402066788856324
AOI-0068,2017-06-27,0.2959915140664939
AOI-0068,2017-07-12,0.21517311074100307
AOI-0068,2017-08-02,0.19757369958998466
AOI-0068,2017-08-11,0.1666810122445989
AOI-0068,2017-08-13,0.17352288248047465
AOI-0068,2017-09-02,0.16932824327788507
AOI-0068,2017-09-03,0.16849923323462476
AOI-0068,2018-04-28,0.24785429550706736
AOI-0068,2018-05-09,0.37879548075437464
AOI-0068,2018-06-07,0.21888782560442363
AOI-0068,2018-07-11,0.14933567717222135
AOI-0068,2018-08-28,0.14296801765107567
AOI-0068,2018-09-06,0.14521824410123912
AOI-0068,2018-09-21,0.18133180188499773
AOI-0068,2019-05-25,0.6229459683096616
AOI-0068,2019-05-28,0.5895674070920531
AOI-0068,2019-06-28,0.2021204481475517
AOI-0068,2019-08-07,0.22756672548739051
AOI-0068,2019-09-01,0.19661270829243288
AOI-0068,2019-09-05,0.18000043470900717
AOI-0068,2019-09-15,0.18837274723738007
AOI-0068,2019-09-24,0.22250965937140307
AOI-0068,2019-09-25,0.22210792923789535
AOI-0068,2019-09-30,0.2945874595644434
AOI-0068,2019-10-02,0.2566329920905085
AOI-0068,2019-10-25,0.3434468101503502
AOI-0068,2020-04-02,0.3169535891435924
AOI-0068,2020-04-06,0.39242523131501705
AOI-0068,2020-04-12,0.3063629694272312
AOI-0068,2020-04-19,0.2935548143608886
AOI-0068,2020-06-26,0.1955123202957219
AOI-0068,2020-07-27,0.18525176318843822
AOI-0068,2020-07-31,0.14844955415592453
AOI-0068,2020-09-03,0.17645121433245325
AOI-0068,2020-10-05,0.15379385802764303
AOI-0068,2020-10-20,0.15000294016757434
AOI-0068,2021-05-01,0.240987649403743
AOI-0068,2021-05-16,0.48782995875234475
AOI-0068,2021-06-11,0.48908181390406796
AOI-0068,2021-06-16,0.42901213141788963
AOI-0068,2021-07-19,0.2186642683852922
AOI-0068,2021-07-31,0.20193480790637353
AOI-0068,2021-09-30,0.4362238185555243
AOI-0068,2022-04-02,0.2824641559012141
AOI-0068,2022-04-12,0.35693339237388494
AOI-0068,2022-04-23,0.4978775895798022
AOI-0068,2022-05-12,0.5368066648126051
AOI-0068,2022-05-27,0.41909561523166594
AOI-0068,2022-06-08,0.31725012278528203
AOI-0068,2022-06-20,0.2252502014736762
AOI-0068,2022-07-01,0.20995000930145707
AOI-0068,2022-07-14,0.1927188772341213
AOI-0068,2022-07-30,0.17292631597432817
AOI-0068,2022-08-15,0.16451725621003419
AOI-0068,2023-04-03,0.45547150440435946
AOI-0068,2023-04-17,0.46239980529838837
AOI-0068,2023-05-09,0.6205150720755216
AOI-0068,2023-06-06,0.5255737307496995
AOI-0068,2023-06-30,0.24591254623101916
AOI-0068,2023-07-05,0.222060142799779
AOI-0068,2023-08-03,0.24523808273289005
AOI-0068,2023-08-13,0.2766465212186441
AOI-0068,2023-09-03,0.34708364883926635
AOI-0068,2023-09-24,0.3528168173833074
AOI-0068,2023-10-06,0.31174912242276964
AOI-0068,2023-10-11,0.30621575082789326
AOI-0068,2024-05-01,0.2619884630841908
AOI-0068,2024-05-09,0.2174686290060121
AOI-0068,2024-06-15,0.19248820625961305
AOI-0068,2024-08-05,0.15693150854789237
AOI-0068,2024-08-09,0.14942072171744553
AOI-0068,2024-08-19,0.17495623164879226
AOI-0068,2024-08-28,0.18628896378058032
AOI-0068,2024-09-08,0.16976477522582434
AOI-0068,2024-09-14,0.19862563337089933
AOI-0068,2024-09-29,0.22180929325189522
AOI-0068,2024-10-13,0.18291216830973683
AOI-0068,2025-05-08,0.70420215417414
AOI-0068,2025-05-11,0.6851255700340141
AOI-0068,2025-05-20,0.6689822783070377
AOI-0068,2025-06-10,0.44593727618592904
AOI-0068,2025-06-15,0.37561993187455206
AOI-0068,2025-06-17,0.35074312448438233
AOI-0068,2025-06-30,0.22135053057355517
AOI-0068,2025-07-22,0.18595773404258936
AOI-0068,2025-07-28,0.2059605365365573
AOI-0068,2025-08-13,0.20497292178801052
AOI-0068,2025-08-14,0.19802422143304468
AOI-0068,2025-08-23,0.20911170666144413
AOI-0068,2025-08-24,0.2071265804111054
AOI-0068,2025-09-08,0.20320611702446248
AOI-0068,2025-09-14,0.254850534356415
AOI-0068,2025-09-24,0.2293573135833185
AOI-0069,2025-04-16,0.13110556135204002
AOI-0069,2025-04-21,0.16334040513493994
AOI-0069,2025-04-23,0.24288915786961945
AOI-0069,2025-05-01,0.17685000086026678
AOI-0069,2025-05-11,0.2530185728933789
AOI-0069,2025-05-25,0.46255785310791764
AOI-0069,2025-05-28,0.4702427208062697
AOI-0069,2025-06-10,0.44227178138354484
AOI-0069,2025-06-25,0.3042047549350735
AOI-0069,2025-06-26,0.2837756410590646
AOI-0069,2025-07-05,0.1884344358005781
AOI-0069,2025-07-06,0.18481206534953892
AOI-0069,2025-07-22,0.14119421556737197
AOI-0069,2025-08-07,0.15784625290922544
AOI-0069,2025-08-14,0.14474784533803461
AOI-0069,2025-09-01,0.15434427190262068
AOI-0069,2025-09-14,0.18892694184756664
AOI-0069,2025-09-24,0.14168374037522893
AOI-0069,2025-09-25,0.13180646136093427
AOI-0069,2025-09-28,0.13013643811718742
AOI-0070,2025-05-11,0.24702335081778837
AOI-0070,2025-05-25,0.33954120086533246
AOI-0070,2025-06-07,0.21707791027276915
AOI-0070,2025-06-10,0.24028192160317607
AOI-0070,2025-06-25,0.21543069006646537
AOI-0070,2025-07-12,0.21876969180762718
AOI-0070,2025-08-24,0.18959946703479755
AOI-0070,2025-08-31,0.16885587597859655
AOI-0070,2025-09-25,0.17067405095586835
AOI-0070,2025-10-02,0.15826434439131778
AOI-0070,2025-10-13,0.19645025479199477
AOI-0070,2025-10-23,0.24670605250416305
AOI-0071,2025-04-16,0.34295058992668676
AOI-0071,2025-04-18,0.34313217238956895
AOI-0071,2025-04-21,0.38111961651680604
AOI-0071,2025-05-25,0.3895151518644599
AOI-0071,2025-06-26,0.617244569250436
AOI-0071,2025-07-06,0.5352481551344624
AOI-0071,2025-07-07,0.5321091206192913
AOI-0071,2025-07-12,0.4946756297541598
AOI-0071,2025-08-13,0.4377501180326127
AOI-0071,2025-08-23,0.38905376803963754
AOI-0071,2025-08-24,0.389421745533923
AOI-0071,2025-08-26,0.3814904430936079
AOI-0071,2025-08-29,0.38136879647676114
AOI-0071,2025-09-01,0.3751125354542922
AOI-0071,2025-09-15,0.32486959683053146
AOI-0071,2025-09-28,0.295179209694879
AOI-0072,2025-05-08,0.8941824536923182
AOI-0072,2025-06-04,0.672579508322455
AOI-0072,2025-07-05,0.17270089194097887
AOI-0072,2025-07-06,0.18132094632880175
AOI-0072,2025-07-14,0.16822543261379075
AOI-0072,2025-07-17,0.17450145569270054
AOI-0072,2025-08-07,0.1506880120094118
AOI-0072,2025-08-19,0.16271909935920306
AOI-0072,2025-08-29,0.19405285184763532
AOI-0072,2025-09-03,0.1707102721395703
AOI-0072,2025-09-15,0.14824382421237664
AOI-0072,2025-09-16,0.14886237753643225
AOI-0072,2025-09-30,0.20082341842465443
AOI-0072,2025-10-03,0.14996587154210378
AOI-0072,2025-10-13,0.15361032414870368
AOI-0073,2010-06-26,0.5858352744100263
AOI-0073,2010-07-12,0.5377449782991962
AOI-0073,2011-04-07,0.19474870530801663
AOI-0073,2011-07-14,0.5654316461714708
AOI-0073,2011-09-14,0.3216380283206645
AOI-0073,2012-04-22,0.42860990359753015
AOI-0073,2012-04-27,0.36328691674537
AOI-0073,2012-05-24,0.5949402072437124
AOI-0073,2012-09-29,0.26478654532762674
AOI-0073,2013-04-03,0.17477576020022428
AOI-0073,2013-06-10,0.4471815318812335
AOI-0073,2013-06-25,0.527081492100895
AOI-0073,2013-07-12,0.5268293629667816
AOI-0073,2013-07-28,0.6173389894936272
AOI-0073,2013-09-30,0.4145677679514625
AOI-0073,2014-05-27,0.5872900423032288
AOI-0073,2014-07-12,0.7380741660322427
AOI-0073,2014-07-30,0.6508917716899044
AOI-0073,2014-08-13,0.4626039214547784
AOI-0073,2014-09-14,0.3684296766558026
AOI-0073,2014-10-10,0.24535310349883568
AOI-0073,2015-05-22,0.4046190832246178
AOI-0073,2015-05-30,0.43157661751881965
AOI-0073,2015-06-10,0.48697623561395714
AOI-0073,2015-06-15,0.4972538084309316
AOI-0073,2015-07-01,0.5956729218591843
AOI-0073,2015-07-09,0.6232022074858286
AOI-0073,2015-08-26,0.30983416440430417
AOI-0073,2015-10-05,0.1873397591108771
AOI-0073,2016-04-06,0.476757457048836
AOI-0073,2017-04-23,0.2734797655819125
AOI-0073,2017-06-04,0.328011943214955
AOI-0073,2017-06-12,0.48397129388598437
AOI-0073,2017-07-06,0.7445307815320233
AOI-0073,2017-07-18,0.7759666848691299
AOI-0073,2017-08-07,0.674721175523046
AOI-0073,2017-08-12,0.6339070198383299
AOI-0073,2017-10-11,0.30547638639929797
AOI-0073,2017-10-16,0.3166254124645962
AOI-0073,2018-04-16,0.16830648777749818
AOI-0073,2019-05-17,0.28006554217953045
AOI-0073,2019-05-19,0.27630803123689385
AOI-0073,2019-06-03,0.5621295002587279
AOI-0073,2019-07-13,0.7000044039800422
AOI-0073,2019-08-07,0.6467177255463266
AOI-0073,2019-08-12,0.5900102408031446
AOI-0073,2019-09-06,0.3245253919399721
AOI-0073,2019-09-11,0.3353154057474164
AOI-0073,2019-09-15,0.3320006087281995
AOI-0073,2019-09-16,0.3066790773508593
AOI-0073,2019-09-28,0.24588208360095165
AOI-0073,2019-10-16,0.2579734936495393
AOI-0073,2019-10-26,0.1875418022251354
AOI-0073,2020-04-05,0.1309892988554089
AOI-0073,2020-04-15,0.18841414019558866
AOI-0073,2020-04-22,0.34067272965124684
AOI-0073,2020-05-18,0.6790732266614713
AOI-0073,2020-07-04,0.31560596412810576
AOI-0073,2020-07-06,0.30742972974584615
AOI-0073,2020-07-24,0.25372721170086976
AOI-0073,2020-07-29,0.20494789427793425
AOI-0073,2020-08-12,0.24149170244861906
AOI-0073,2020-09-01,0.21938231948124692
AOI-0073,2020-09-20,0.20054473443461232
AOI-0073,2020-10-20,0.2065861582493363
AOI-0073,2020-10-26,0.17294928639191606
AOI-0073,2021-05-06,0.21765103485645432
AOI-0073,2021-05-13,0.2086771482817963
AOI-0073,2021-05-15,0.21082379532812173
AOI-0073,2021-06-29,0.658878929812157
AOI-0073,2021-07-25,0.7462508359574126
AOI-0073,2021-08-02,0.6937978078895715
AOI-0073,2021-09-07,0.3702673306082966
AOI-0073,2021-09-14,0.2925521181815108
AOI-0073,2021-09-15,0.2776946005251112
AOI-0073,2022-04-23,0.2566218648393588
AOI-0073,2022-04-25,0.18673465025468822
AOI-0073,2022-06-04,0.30764415143008517
AOI-0073,2022-06-07,0.2856098726988032
AOI-0073,2022-06-09,0.29752691248795265
AOI-0073,2022-06-14,0.4274063053810573
AOI-0073,2022-07-05,0.7615018569048657
AOI-0073,2022-07-07,0.7642704124681798
AOI-0073,2022-09-10,0.34552163895003457
AOI-0073,2022-09-30,0.31636987529436456
AOI-0073,2023-04-02,0.23176872650016997
AOI-0073,2023-04-28,0.26676480836877836
AOI-0073,2023-05-03,0.3099379921927446
AOI-0073,2023-05-05,0.2872529088757638
AOI-0073,2023-05-13,0.3259211055455012
AOI-0073,2023-06-04,0.5810945818417891
AOI-0073,2023-06-07,0.5507804655942291
AOI-0073,2023-07-25,0.31378939151730095
AOI-0073,2023-07-31,0.23148788895269545
AOI-0073,2023-08-06,0.22859142156457898
AOI-0073,2023-08-16,0.2353075959294663
AOI-0073,2023-08-28,0.22466385961601057
AOI-0073,2023-09-07,0.2060018593966384
AOI-0073,2023-09-12,0.2037065075533475
AOI-0073,2023-09-29,0.2012054021541129
AOI-0073,2023-10-11,0.2513050041554332
AOI-0073,2023-10-15,0.24385456061198588
AOI-0073,2024-04-14,0.4696841878739388
AOI-0073,2024-04-20,0.5742010721644054
AOI-0073,2024-05-06,0.5921002396997103
AOI-0073,2024-05-07,0.5925693429249357
AOI-0073,2024-06-23,0.3731536461982386
AOI-0073,2024-07-03,0.27341982636430995
AOI-0073,2024-07-11,0.300525301083117
AOI-0073,2024-07-13,0.3016365875410591
AOI-0073,2024-07-21,0.27375669189176044
AOI-0073,2024-07-25,0.2602374415280271
AOI-0073,2024-08-12,0.24817220595141906
AOI-0073,2024-08-28,0.2468239089288919
AOI-0073,2024-09-01,0.23176259919279846
AOI-0073,2024-09-13,0.2241345066924531
AOI-0073,2024-09-29,0.21439656572524057
AOI-0073,2025-04-07,0.22387427271824215
AOI-0073,2025-04-15,0.17783483018404933
AOI-0073,2025-04-19,0.18496258714465763
AOI-0073,2025-04-22,0.2076209696709836
AOI-0073,2025-04-23,0.2830779409961208
AOI-0073,2025-04-29,0.18977987161267001
AOI-0073,2025-05-11,0.2453647081516126
AOI-0073,2025-05-22,0.2219139172166669
AOI-0073,2025-05-29,0.25444860737454233
AOI-0073,2025-06-03,0.36551388699721504
AOI-0073,2025-06-30,0.8023348900163229
AOI-0073,2025-07-06,0.8084119395984265
AOI-0073,2025-07-08,0.8042524562588992
AOI-0073,2025-07-28,0.7487159844884577
AOI-0073,2025-08-05,0.726512062852901
AOI-0073,2025-08-07,0.7089925937214451
AOI-0073,2025-08-22,0.48045935776645804
AOI-0073,2025-08-27,0.41183519938904667
AOI-0073,2025-09-22,0.2953439080660993
AOI-0074,2010-07-12,0.3101913491966176
AOI-0074,2010-08-29,0.2907378327269258
AOI-0074,2011-05-27,0.35796835436189156
AOI-0074,2011-06-20,0.622329194902176
AOI-0074,2011-06-26,0.6919980718356399
AOI-0074,2011-07-06,0.725191125390088
AOI-0074,2011-09-24,0.2900435360285571
AOI-0074,2013-06-25,0.4711342413007755
AOI-0074,2013-07-03,0.36382381760039606
AOI-0074,2013-07-11,0.2934748447966336
AOI-0074,2013-08-13,0.29499881209074486
AOI-0074,2014-07-14,0.8129720088359128
AOI-0074,2014-07-28,0.7374661862758859
AOI-0074,2014-09-14,0.31336021407610815
AOI-0074,2014-10-16,0.23771379159724804
AOI-0074,2015-04-23,0.3105765566821699
AOI-0074,2015-04-28,0.22371534312179486
AOI-0074,2015-07-25,0.6550206545712833
AOI-0074,2015-10-16,0.23074565600013097
AOI-0074,2015-10-29,0.19809786317538505
AOI-0074,2016-08-12,0.28019443460562127
AOI-0074,2016-08-20,0.2503075013125307
AOI-0074,2017-04-23,0.27562926065286114
AOI-0074,2017-05-04,0.23974743210188726
AOI-0074,2017-05-06,0.27620555261196766
AOI-0074,2017-06-04,0.40558162708716955
AOI-0074,2017-06-05,0.4147757956117305
AOI-0074,2017-06-10,0.46523558110989377
AOI-0074,2017-06-20,0.6259243468274994
AOI-0074,2017-06-26,0.7310471430193441
AOI-0074,2017-07-18,0.7675499691359717
AOI-0074,2017-08-07,0.6743425023405842
AOI-0074,2017-08-17,0.5217874761594529
AOI-0074,2017-09-16,0.2710614277649102
AOI-0074,2017-10-11,0.25648610033287234
AOI-0074,2017-10-16,0.2775008668913648
AOI-0074,2018-04-04,0.0877918288752012
AOI-0074,2018-04-23,0.26447125292033796
AOI-0074,2018-05-06,0.30306402493707596
AOI-0074,2018-05-11,0.4079355281326946
AOI-0074,2018-05-22,0.4248685038595185
AOI-0074,2018-05-26,0.45632716493090697
AOI-0074,2018-05-30,0.4308949711908594
AOI-0074,2018-07-13,0.75323718729014
AOI-0074,2018-08-18,0.7414985053915873
AOI-0074,2018-09-14,0.3767442578466107
AOI-0074,2018-09-19,0.30216930647614215
AOI-0074,2018-09-30,0.2883831733434994
AOI-0074,2019-04-23,0.23657632377345947
AOI-0074,2019-05-04,0.23481613611370317
AOI-0074,2019-05-14,0.27148256500376766
AOI-0074,2019-05-16,0.2835840646453209
AOI-0074,2019-05-31,0.47207575221224946
AOI-0074,2019-06-13,0.6893650661131959
AOI-0074,2019-07-13,0.722501514759399
AOI-0074,2019-08-05,0.6173471394852437
AOI-0074,2019-08-09,0.621170618370309
AOI-0074,2019-09-14,0.28162261251169873
AOI-0074,2020-04-09,0.1881108338387605
AOI-0074,2020-07-06,0.27991002803126686
AOI-0074,2020-07-22,0.25297316713238627
AOI-0074,2020-08-07,0.2091024338118402
AOI-0074,2020-08-26,0.22370299140397326
AOI-0074,2020-09-07,0.19519208955942116
AOI-0074,2020-09-08,0.1998062774145984
AOI-0074,2020-09-12,0.16862389169359626
AOI-0074,2020-10-07,0.15885404714006388
AOI-0074,2020-10-12,0.14742006186962645
AOI-0074,2020-10-18,0.17680277079678502
AOI-0074,2020-10-22,0.17424045058603804
AOI-0074,2021-04-25,0.1965958203556618
AOI-0074,2021-06-23,0.6011349114640586
AOI-0074,2021-06-27,0.6849533387536862
AOI-0074,2021-07-17,0.7187498942817646
AOI-0074,2021-08-03,0.5764231731424352
AOI-0074,2021-08-06,0.5588514475570314
AOI-0074,2021-08-19,0.46082659358656625
AOI-0074,2021-09-03,0.30297990406546904
AOI-0074,2021-10-06,0.204478835808438
AOI-0074,2021-10-17,0.18961336372117582
AOI-0074,2021-10-20,0.19208277564643828
AOI-0074,2021-10-27,0.22946066687475453
AOI-0074,2022-05-30,0.24665164528527345
AOI-0074,2022-07-12,0.75060377757376
AOI-0074,2022-08-29,0.49544583491215666
AOI-0074,2022-10-16,0.2790894345554965
AOI-0074,2023-04-28,0.22985399295416867
AOI-0074,2023-05-30,0.43574436658620413
AOI-0074,2023-06-09,0.6239721077077484
AOI-0074,2023-06-19,0.4422328681721551
AOI-0074,2023-07-14,0.30173379816084334
AOI-0074,2023-08-16,0.22388258859933066
AOI-0074,2023-09-14,0.2224628290503567
AOI-0074,2023-10-11,0.2547526067733114
AOI-0074,2024-04-17,0.5024457776297363
AOI-0074,2024-05-08,0.6437593236408033
AOI-0074,2024-05-09,0.5988813122292977
AOI-0074,2024-06-06,0.5406653423489212
AOI-0074,2024-07-08,0.28309630800401964
AOI-0074,2024-07-18,0.2640142060778703
AOI-0074,2024-07-27,0.23137292889239963
AOI-0074,2024-08-12,0.20970460016169598
AOI-0074,2024-08-28,0.22287211199498977
AOI-0074,2024-09-04,0.1883144048757355
AOI-0074,2024-09-09,0.16625462361658672
AOI-0074,2025-04-07,0.21768903734628203
AOI-0074,2025-04-15,0.16883638975508675
AOI-0074,2025-05-12,0.24846639039032017
AOI-0074,2025-05-14,0.2264237384736324
AOI-0074,2025-06-01,0.3609248225529471
AOI-0074,2025-06-10,0.5131871537874657
AOI-0074,2025-07-06,0.8003161285727539
AOI-0074,2025-07-16,0.6529070139619038
AOI-0074,2025-08-05,0.6579884123877388
AOI-0074,2025-08-19,0.4861884170842668
AOI-0074,2025-09-08,0.2631539738867213
AOI-0074,2025-09-22,0.25638587367607013
AOI-0074,2025-10-01,0.2677281748189999
AOI-0074,2025-10-26,0.18279530218774084
AOI-0075,2025-04-07,0.28145352736060775
AOI-0075,2025-04-12,0.2387989429962283
AOI-0075,2025-07-12,0.6031020542497963
AOI-0075,2025-07-18,0.538395900656999
AOI-0075,2025-08-21,0.5075115352984121
AOI-0075,2025-08-30,0.4483221662303672
AOI-0075,2025-09-08,0.46191511596326323
AOI-0075,2025-09-16,0.32586253855620634
AOI-0075,2025-09-21,0.2699037270779106
AOI-0075,2025-10-29,0.33939821681459453
AOI-0076,2025-04-19,0.21504281591720323
AOI-0076,2025-05-01,0.23982355162810742
AOI-0076,2025-05-11,0.2735005956035492
AOI-0076,2025-05-25,0.453676273697292
AOI-0076,2025-07-10,0.7869559928618692
AOI-0076,2025-07-31,0.7007029979461714
AOI-0076,2025-08-21,0.38263745591171117
AOI-0076,2025-08-27,0.34438777371131374
AOI-0076,2025-09-01,0.32360764648080204
AOI-0076,2025-09-21,0.2385105510412089
AOI-0076,2025-09-22,0.23920214243901625
AOI-0076,2025-10-01,0.2549611255279078
AOI-0076,2025-10-04,0.2184646929817176
AOI-0077,2025-05-09,0.7698070889833185
AOI-0077,2025-06-06,0.5933068423101122
AOI-0077,2025-06-21,0.4430574213145687
AOI-0077,2025-07-12,0.25072570697010976
AOI-0077,2025-08-22,0.17149879664331694
AOI-0077,2025-08-27,0.18169503741343643
AOI-0077,2025-08-30,0.23623669542979314
AOI-0077,2025-09-11,0.20977808675817944
AOI-0077,2025-09-22,0.22647434310410441
AOI-0078,2025-05-02,0.8441118630309147
AOI-0078,2025-05-25,0.8543088533848497
AOI-0078,2025-06-01,0.6471958329675515
AOI-0078,2025-06-03,0.6493368488594119
AOI-0078,2025-06-06,0.6700757042302928
AOI-0078,2025-06-10,0.6063384860391455
AOI-0078,2025-07-04,0.22290674902478258
AOI-0078,2025-07-10,0.1935302616103986
AOI-0078,2025-07-11,0.20071657565328144
AOI-0078,2025-07-13,0.18426190725195293
AOI-0078,2025-08-10,0.1701970557412167
AOI-0078,2025-08-15,0.17487883831552153
AOI-0078,2025-09-08,0.18198516810075438
AOI-0078,2025-10-04,0.23478239538419485
