date,primary_ndvi_true,anon_polygon_id
2010-08-29,0.21026854305189174,AOI-0001
2010-10-25,0.16088328261176743,AOI-0001
2011-06-13,0.6719817515730787,AOI-0001
2011-09-18,0.25979945487502115,AOI-0001
2011-09-26,0.253754616147985,AOI-0001
2011-09-30,0.3999097586907815,AOI-0001
2012-05-24,0.7141358260849187,AOI-0001
2012-07-09,0.23138554134873918,AOI-0001
2012-07-11,0.3765037040158158,AOI-0001
2012-08-10,0.15710921606824432,AOI-0001
2012-08-12,0.2973643053366989,AOI-0001
2012-10-15,0.3869865791476613,AOI-0001
2013-05-01,0.8124172607795029,AOI-0001
2013-07-12,0.2994183098817087,AOI-0001
2013-09-30,0.5256574194696016,AOI-0001
2014-04-18,0.24386643367813496,AOI-0001
2014-05-25,0.6569960217685417,AOI-0001
2014-06-26,0.773463734942475,AOI-0001
2014-07-15,0.7589729338873695,AOI-0001
2014-07-28,0.6105074982061905,AOI-0001
2014-08-09,0.4129117721876435,AOI-0001
2014-08-13,0.40753715906144106,AOI-0001
2014-10-03,0.20275350516632917,AOI-0001
2014-10-16,0.32097614220491355,AOI-0001
2015-04-13,0.46434464657431207,AOI-0001
2015-08-11,0.20969829890383312,AOI-0001
2015-08-12,0.1904868342548806,AOI-0001
2015-08-27,0.21007330192401233,AOI-0001
2015-09-20,0.1689448053296684,AOI-0001
2015-09-28,0.20742200579753672,AOI-0001
2016-06-27,0.285874447405908,AOI-0001
2016-07-04,0.29121754256543964,AOI-0001
2016-07-20,0.3095608719428151,AOI-0001
2016-07-27,0.37226947461880056,AOI-0001
2016-08-29,0.29382249829212514,AOI-0001
2016-08-30,0.26477641027493837,AOI-0001
2016-09-15,0.2834700929829591,AOI-0001
2016-09-29,0.5046087165285865,AOI-0001
2017-05-12,0.7287483209249898,AOI-0001
2017-06-29,0.5546696720196925,AOI-0001
2017-07-12,0.47432381884294444,AOI-0001
2017-08-09,0.2790685587764448,AOI-0001
2017-08-29,0.2501211572267694,AOI-0001
2017-09-08,0.19823370471519233,AOI-0001
2017-09-14,0.29394979170052665,AOI-0001
2018-04-05,0.46582357614893627,AOI-0001
2018-04-23,0.7678252065760434,AOI-0001
2018-05-01,0.8046236792141812,AOI-0001
2018-06-08,0.6127942004432791,AOI-0001
2018-07-12,0.2684765903085175,AOI-0001
2018-09-28,0.18198106767555197,AOI-0001
2018-10-13,0.17759272596939643,AOI-0001
2019-05-11,0.5689611219358071,AOI-0001
2019-05-31,0.7015187322100117,AOI-0001
2019-06-04,0.7021819290245411,AOI-0001
2019-06-05,0.7105611628669417,AOI-0001
2019-06-25,0.35914215202450694,AOI-0001
2019-07-12,0.46443463465778356,AOI-0001
2019-07-22,0.43533003068515885,AOI-0001
2019-07-29,0.5443060897692835,AOI-0001
2019-08-30,0.25588376924724354,AOI-0001
2019-09-07,0.2725587878057147,AOI-0001
2019-09-08,0.2430654335168534,AOI-0001
2019-09-18,0.11907487181027364,AOI-0001
2020-04-03,0.5461545161956346,AOI-0001
2020-04-26,0.6672978271304199,AOI-0001
2020-05-30,0.8139699194622863,AOI-0001
2020-06-09,0.7789582862466179,AOI-0001
2020-07-14,0.181581507263538,AOI-0001
2020-07-23,0.2315351151972294,AOI-0001
2020-07-27,0.2497790142433408,AOI-0001
2020-08-08,0.1874233274594635,AOI-0001
2020-09-01,0.2871297406541096,AOI-0001
2020-09-02,0.27702784785385737,AOI-0001
2020-09-12,0.23991004193538515,AOI-0001
2020-09-22,0.2089803638470824,AOI-0001
2020-09-29,0.2702982096729243,AOI-0001
2020-10-11,0.19754095603113236,AOI-0001
2020-10-12,0.16538564753568852,AOI-0001
2020-10-19,0.17549076921806006,AOI-0001
2021-05-15,0.4844066717059061,AOI-0001
2021-05-20,0.45982159587298704,AOI-0001
2021-06-10,0.5679184000871017,AOI-0001
2021-07-02,0.6372261625278959,AOI-0001
2021-07-24,0.6688316791842754,AOI-0001
2021-09-17,0.2210186180586703,AOI-0001
2022-04-25,0.6014380790653578,AOI-0001
2022-06-03,0.7793801312604872,AOI-0001
2022-09-02,0.22417032380679586,AOI-0001
2022-09-30,0.2966478504657905,AOI-0001
2022-10-01,0.25059952553060877,AOI-0001
2022-10-17,0.22614385927793543,AOI-0001
2023-05-25,0.8264384507589362,AOI-0001
2023-06-23,0.7712412984411064,AOI-0001
2023-07-15,0.287289721110207,AOI-0001
2023-07-29,0.19264344597764652,AOI-0001
2023-08-03,0.2042352528787712,AOI-0001
2023-08-08,0.19330909561757748,AOI-0001
2023-08-13,0.2307590808108471,AOI-0001
2023-08-17,0.26669478705144256,AOI-0001
2023-08-28,0.20995353629922342,AOI-0001
2023-08-29,0.3120913130298171,AOI-0001
2023-09-12,0.21564131744294057,AOI-0001
2024-04-06,0.6941773946289216,AOI-0001
2024-05-24,0.7722472784081678,AOI-0001
2024-06-01,0.7773063765168432,AOI-0001
2024-06-03,0.7412339221976935,AOI-0001
2024-06-09,0.5906385710865464,AOI-0001
2024-06-13,0.5399825028309169,AOI-0001
2024-06-17,0.5107055480676022,AOI-0001
2024-06-23,0.37678758685627034,AOI-0001
2024-06-25,0.4042690413376062,AOI-0001
2024-07-03,0.29453459509252045,AOI-0001
2024-09-11,0.15417138533596816,AOI-0001
2024-09-13,0.19510354411516248,AOI-0001
2024-09-16,0.1605641268323844,AOI-0001
2024-09-29,0.2172433646025685,AOI-0001
2025-04-23,0.4159785129561254,AOI-0001
2025-05-03,0.3571937383222082,AOI-0001
2025-06-03,0.46301850814862333,AOI-0001
2025-06-27,0.6523489941396675,AOI-0001
2025-07-05,0.5867502278580294,AOI-0001
2025-07-12,0.4568710093600335,AOI-0001
2025-07-13,0.4297867096337088,AOI-0001
2025-07-23,0.39825997027438664,AOI-0001
2025-07-28,0.3933457817352215,AOI-0001
2025-07-29,0.41388463828698785,AOI-0001
2025-08-02,0.31097347127850405,AOI-0001
2025-10-28,0.23123773009286866,AOI-0001
2025-05-03,0.8207885380908787,AOI-0002
2025-06-03,0.5847905187976788,AOI-0002
2025-06-26,0.4531600606031036,AOI-0002
2025-07-29,0.26007670794210247,AOI-0002
2025-08-02,0.15833298801989396,AOI-0002
2025-08-13,0.2516579915632081,AOI-0002
2025-08-19,0.16468395787024737,AOI-0002
2025-04-01,0.6014841651213088,AOI-0003
2025-04-18,0.8264442872279938,AOI-0003
2025-04-19,0.8419390239228691,AOI-0003
2025-05-06,0.8003620917286307,AOI-0003
2025-06-04,0.7518586922075409,AOI-0003
2025-06-13,0.6211631065790412,AOI-0003
2025-07-07,0.19167159939918355,AOI-0003
2025-07-13,0.19828589553320952,AOI-0003
2025-07-15,0.1810581134414756,AOI-0003
2025-08-04,0.16195684503481553,AOI-0003
2025-08-07,0.1968664808064872,AOI-0003
2025-08-14,0.18406198249303762,AOI-0003
2025-08-22,0.16316032755263998,AOI-0003
2025-08-23,0.21057983661356994,AOI-0003
2025-04-23,0.6537657912234449,AOI-0004
2025-05-04,0.6186194753100273,AOI-0004
2025-05-24,0.6344607326107292,AOI-0004
2025-05-25,0.6972918406013953,AOI-0004
2025-06-30,0.6323638622760481,AOI-0004
2025-07-12,0.516210167593215,AOI-0004
2025-07-23,0.4749466439767885,AOI-0004
2025-08-02,0.4035145840229396,AOI-0004
2025-09-14,0.37502371789804445,AOI-0004
2025-09-23,0.34362004170654076,AOI-0004
2025-05-01,0.6712713691479144,AOI-0005
2025-05-03,0.6663430681656959,AOI-0005
2025-05-14,0.45408128353341665,AOI-0005
2025-06-11,0.5842130711436859,AOI-0005
2025-07-21,0.4127838888168758,AOI-0005
2025-08-17,0.343520118576233,AOI-0005
2025-09-01,0.24651842916659955,AOI-0005
2025-04-01,0.24426143397286687,AOI-0006
2025-05-09,0.34509623902898684,AOI-0006
2025-05-25,0.5626213131841871,AOI-0006
2025-07-28,0.4207611505365805,AOI-0006
2025-08-09,0.2750152065229193,AOI-0006
2025-08-22,0.24890470778964027,AOI-0006
2025-08-30,0.24482556687659265,AOI-0006
2025-09-07,0.2114877412180676,AOI-0006
2025-10-28,0.21415961693842656,AOI-0006
2025-04-01,0.29663089411167953,AOI-0007
2025-04-18,0.2654606009342166,AOI-0007
2025-04-29,0.3767957108177853,AOI-0007
2025-05-01,0.38704757141251195,AOI-0007
2025-06-26,0.3519853861564233,AOI-0007
2025-07-28,0.1549394001245032,AOI-0007
2025-08-13,0.23430840817763787,AOI-0007
2025-08-14,0.15988342726993546,AOI-0007
2025-08-16,0.16435389159704875,AOI-0007
2025-09-11,0.15797687569215893,AOI-0007
2025-09-26,0.16885114552379388,AOI-0007
2025-04-17,0.8482311167088324,AOI-0008
2025-04-24,0.8344750355087911,AOI-0008
2025-05-19,0.8739636233584631,AOI-0008
2025-07-08,0.1980330197129511,AOI-0008
2025-07-15,0.18083238972001414,AOI-0008
2025-07-17,0.1842134335554551,AOI-0008
2025-08-13,0.24450805861890076,AOI-0008
2025-09-01,0.14728906874029624,AOI-0008
2025-09-30,0.26178886565199705,AOI-0008
2025-10-16,0.2298292791595445,AOI-0008
2025-04-01,0.629794856158819,AOI-0009
2025-04-23,0.7973558916181583,AOI-0009
2025-05-04,0.8366308005818784,AOI-0009
2025-06-30,0.1850149712794946,AOI-0009
2025-07-05,0.19785925107755087,AOI-0009
2025-07-10,0.14354596519249152,AOI-0009
2025-07-25,0.1639228185284427,AOI-0009
2025-08-12,0.16605603619305012,AOI-0009
2025-08-17,0.1777213751629233,AOI-0009
2025-08-22,0.17597476082422409,AOI-0009
2025-08-24,0.15578587653928427,AOI-0009
2025-09-14,0.2432026552280338,AOI-0009
2025-09-16,0.17508465633640796,AOI-0009
2025-09-25,0.16862973107782436,AOI-0009
2025-10-03,0.19343586281940767,AOI-0009
2010-06-19,0.36110220772885704,AOI-0010
2010-08-06,0.22816878730609633,AOI-0010
2010-08-22,0.20204328636377578,AOI-0010
2011-06-14,0.5027014752914487,AOI-0010
2011-07-12,0.37067530678486366,AOI-0010
2011-08-09,0.2569592125089221,AOI-0010
2011-08-13,0.32790317623168225,AOI-0010
2011-09-10,0.2186996845846484,AOI-0010
2012-04-13,0.25364139497977,AOI-0010
2012-08-03,0.22395579123448464,AOI-0010
2013-04-16,0.7029821685281328,AOI-0010
2013-05-25,0.6339307489811261,AOI-0010
2013-06-26,0.3274152343781105,AOI-0010
2013-07-12,0.3045315423653892,AOI-0010
2014-05-29,0.62797493232308,AOI-0010
2014-06-06,0.49659215108333354,AOI-0010
2014-06-10,0.4213546237929585,AOI-0010
2014-08-29,0.2623272766618232,AOI-0010
2014-09-30,0.27844695444708145,AOI-0010
2015-04-07,0.34703969843458077,AOI-0010
2015-04-14,0.19538229722745207,AOI-0010
2015-05-25,0.4147642962036002,AOI-0010
2015-10-07,0.20552302878034714,AOI-0010
2016-07-27,0.3440337649681242,AOI-0010
2016-08-12,0.2992140771227949,AOI-0010
2016-09-13,0.25712832204512537,AOI-0010
2017-04-03,0.3321184988739766,AOI-0010
2017-04-07,0.48437466507068466,AOI-0010
2017-08-01,0.150971672691485,AOI-0010
2017-08-04,0.14426481925071444,AOI-0010
2017-08-13,0.25831749157896894,AOI-0010
2017-08-29,0.2100699475264382,AOI-0010
2018-05-16,0.8051695202521316,AOI-0010
2018-07-28,0.2684650152759993,AOI-0010
2018-08-28,0.16470905849291134,AOI-0010
2018-09-14,0.2424403630907461,AOI-0010
2019-04-06,0.4195461491111211,AOI-0010
2019-04-28,0.7254890937668184,AOI-0010
2019-05-19,0.8392950020104305,AOI-0010
2019-06-20,0.20950514528533692,AOI-0010
2019-06-26,0.25056580958243246,AOI-0010
2019-06-27,0.16144516337352607,AOI-0010
2019-07-20,0.16716053068858,AOI-0010
2019-08-13,0.30720490208924894,AOI-0010
2019-08-19,0.15344706351737164,AOI-0010
2019-08-21,0.16964213159914074,AOI-0010
2019-09-23,0.16201267444573764,AOI-0010
2020-06-06,0.353688804683325,AOI-0010
2020-06-09,0.37869072020123173,AOI-0010
2020-07-16,0.15876698411382134,AOI-0010
2020-07-19,0.13366185695265104,AOI-0010
2020-07-26,0.17514598940893947,AOI-0010
2020-07-31,0.1707670432840261,AOI-0010
2020-09-09,0.17165210292413857,AOI-0010
2020-09-13,0.25930063830956857,AOI-0010
2020-09-19,0.13562209282246862,AOI-0010
2020-09-27,0.1429020117184714,AOI-0010
2021-05-05,0.3479224347171215,AOI-0010
2021-05-09,0.4965331679382792,AOI-0010
2021-07-28,0.32128722957624856,AOI-0010
2021-08-05,0.2167024258156456,AOI-0010
2021-09-04,0.33960771463102735,AOI-0010
2021-09-17,0.3580929839505757,AOI-0010
2021-10-27,0.35644772851842055,AOI-0010
2022-06-06,0.6966653062958023,AOI-0010
2022-06-10,0.6343605951088314,AOI-0010
2022-06-11,0.688597070055088,AOI-0010
2022-07-17,0.2801638600471117,AOI-0010
2022-07-28,0.3442286147589574,AOI-0010
2022-09-08,0.29167555103833315,AOI-0010
2023-04-02,0.48685236737801024,AOI-0010
2023-04-27,0.6549968640852764,AOI-0010
2023-06-08,0.7187791137397868,AOI-0010
2023-06-16,0.5923506685067884,AOI-0010
2023-08-23,0.2424460482867384,AOI-0010
2023-08-30,0.21760155865749398,AOI-0010
2023-09-19,0.26379422979162204,AOI-0010
2024-04-04,0.6161536286621149,AOI-0010
2024-04-26,0.6568523402485121,AOI-0010
2024-05-08,0.7729054806974593,AOI-0010
2024-05-21,0.7050182144089902,AOI-0010
2024-06-18,0.2384512157972606,AOI-0010
2024-06-20,0.22327896549922716,AOI-0010
2024-07-08,0.18988905575099724,AOI-0010
2024-07-15,0.18127552282079587,AOI-0010
2024-08-12,0.2129473597392319,AOI-0010
2024-09-06,0.202095913540051,AOI-0010
2024-09-28,0.199375492733349,AOI-0010
2024-10-01,0.1889946149725441,AOI-0010
2024-10-15,0.2667543976141379,AOI-0010
2024-10-23,0.21802765539391963,AOI-0010
2025-04-16,0.3824301368308377,AOI-0010
2025-04-18,0.4275223161055582,AOI-0010
2025-05-09,0.7222047918041521,AOI-0010
2025-06-05,0.5178239322114653,AOI-0010
2025-06-07,0.4733608331415756,AOI-0010
2025-06-28,0.18762064927942973,AOI-0010
2025-07-05,0.18708334869463566,AOI-0010
2025-07-06,0.21236483126221326,AOI-0010
2025-07-07,0.18641197183224914,AOI-0010
2025-07-25,0.15782581849325267,AOI-0010
2025-07-30,0.158900987368424,AOI-0010
2025-08-16,0.1917518886229438,AOI-0010
2025-08-27,0.17734343663975982,AOI-0010
2025-09-16,0.2073816202992613,AOI-0010
2025-09-30,0.30724732198333177,AOI-0010
2025-10-05,0.2013187035622809,AOI-0010
2025-04-07,0.7045204683038155,AOI-0011
2025-04-17,0.7603815400201892,AOI-0011
2025-04-23,0.8180602568854993,AOI-0011
2025-04-28,0.8450092251108405,AOI-0011
2025-05-24,0.8163710059031527,AOI-0011
2025-06-03,0.5813110229454203,AOI-0011
2025-07-12,0.30867224442749175,AOI-0011
2025-08-06,0.21914704906186327,AOI-0011
2025-08-14,0.2102329225853248,AOI-0011
2025-08-19,0.2060923126437587,AOI-0011
2025-08-27,0.17583682189106417,AOI-0011
2025-09-30,0.2687885155356845,AOI-0011
2025-10-03,0.18552673169884246,AOI-0011
2025-10-05,0.15214314406645715,AOI-0011
2025-04-01,0.2880460843838149,AOI-0012
2025-04-28,0.4880996131851547,AOI-0012
2025-05-16,0.7363464146974465,AOI-0012
2025-06-03,0.6209346147288025,AOI-0012
2025-06-05,0.5570398441214889,AOI-0012
2025-06-15,0.2339801257575222,AOI-0012
2025-06-26,0.2646615962965751,AOI-0012
2025-07-10,0.15434728690295108,AOI-0012
2025-07-18,0.1386292592611329,AOI-0012
2025-07-30,0.15027747607002337,AOI-0012
2010-04-16,0.6800004796251284,AOI-0013
2010-06-10,0.45839181694196307,AOI-0013
2010-06-19,0.39871140556843854,AOI-0013
2010-10-24,0.23889887499134482,AOI-0013
2011-04-18,0.23261150215808818,AOI-0013
2011-04-26,0.20811164285806155,AOI-0013
2012-05-08,0.5251269213363963,AOI-0013
2012-06-23,0.5521731174928469,AOI-0013
2012-08-12,0.46005866977780324,AOI-0013
2013-04-16,0.2773883472228227,AOI-0013
2013-04-24,0.279013570957018,AOI-0013
2013-05-02,0.2734302242764285,AOI-0013
2013-05-09,0.4490619218542543,AOI-0013
2013-06-11,0.5536380422644773,AOI-0013
2013-07-12,0.515168453894675,AOI-0013
2013-07-28,0.4612287946252638,AOI-0013
2014-05-29,0.4822420891267164,AOI-0013
2014-06-10,0.4948533640086191,AOI-0013
2014-07-28,0.4324275013594858,AOI-0013
2014-08-01,0.32685767306038277,AOI-0013
2014-08-08,0.3354506471661122,AOI-0013
2014-08-13,0.428448555928332,AOI-0013
2015-05-09,0.5290844605329199,AOI-0013
2015-05-23,0.47186867428960205,AOI-0013
2015-07-12,0.5675379169874103,AOI-0013
2015-08-20,0.38630110496340353,AOI-0013
2015-10-07,0.32573598493249706,AOI-0013
2015-10-16,0.36145366524205025,AOI-0013
2016-05-09,0.46789273064581355,AOI-0013
2016-05-10,0.44050348316910987,AOI-0013
2016-08-12,0.6142829777245592,AOI-0013
2016-08-21,0.6905427900351109,AOI-0013
2016-09-13,0.6052600838608199,AOI-0013
2016-10-09,0.49407306184529787,AOI-0013
2017-04-11,0.26849116109858917,AOI-0013
2017-04-28,0.33012665502594796,AOI-0013
2017-05-01,0.3452534776084189,AOI-0013
2017-05-21,0.609829499393251,AOI-0013
2017-05-29,0.571238739253553,AOI-0013
2017-06-30,0.7011332919424678,AOI-0013
2017-07-27,0.47449447233298325,AOI-0013
2017-08-08,0.4686119453249601,AOI-0013
2017-08-24,0.42364657256205684,AOI-0013
2017-09-13,0.4891885028238057,AOI-0013
2017-09-17,0.493986210616304,AOI-0013
2017-09-30,0.4533181880590826,AOI-0013
2018-05-25,0.4932638449745908,AOI-0013
2018-06-08,0.42099958305221635,AOI-0013
2018-06-15,0.38023713715560475,AOI-0013
2018-07-12,0.423694457394385,AOI-0013
2018-08-13,0.44426216406790847,AOI-0013
2018-08-27,0.4028864387761191,AOI-0013
2018-09-28,0.37544657674018106,AOI-0013
2018-10-06,0.40091092518984583,AOI-0013
2019-04-01,0.25553513235938097,AOI-0013
2019-05-06,0.4071173054941576,AOI-0013
2019-06-02,0.40061692153166284,AOI-0013
2019-06-05,0.4101036387850396,AOI-0013
2019-06-12,0.45308139886658516,AOI-0013
2019-06-25,0.39972073596344354,AOI-0013
2019-07-17,0.4664155182303986,AOI-0013
2019-07-28,0.5762058727786086,AOI-0013
2019-08-24,0.44222141709594315,AOI-0013
2019-08-31,0.5301814411706296,AOI-0013
2019-09-08,0.47851740449805064,AOI-0013
2019-09-13,0.47941454935497557,AOI-0013
2019-10-02,0.5096563681123519,AOI-0013
2019-10-10,0.5663502466805337,AOI-0013
2019-10-17,0.42023331281209464,AOI-0013
2020-04-22,0.40265167817944925,AOI-0013
2020-05-12,0.3615334567229195,AOI-0013
2020-06-24,0.4392719880449055,AOI-0013
2020-06-26,0.4735239342759022,AOI-0013
2020-08-12,0.45160283835867754,AOI-0013
2020-08-15,0.4180062355965522,AOI-0013
2020-08-16,0.4336952192272021,AOI-0013
2020-08-20,0.4048433396584374,AOI-0013
2020-10-27,0.36755144742263185,AOI-0013
2021-04-23,0.42181675552174225,AOI-0013
2021-06-10,0.609842727513063,AOI-0013
2021-06-11,0.5453570370929908,AOI-0013
2021-06-21,0.5117004266348972,AOI-0013
2021-07-12,0.564069024030954,AOI-0013
2021-07-14,0.570833046520763,AOI-0013
2021-08-20,0.5086770328989727,AOI-0013
2021-10-14,0.41288785167771513,AOI-0013
2021-10-16,0.46065240848026356,AOI-0013
2022-04-02,0.5279106373125477,AOI-0013
2022-04-17,0.5891802182042527,AOI-0013
2022-04-24,0.575506501385398,AOI-0013
2022-04-25,0.5617674688086354,AOI-0013
2022-06-10,0.5094034656667733,AOI-0013
2022-06-16,0.43969342077928736,AOI-0013
2022-06-26,0.5273873875814137,AOI-0013
2022-07-05,0.5226245200789144,AOI-0013
2022-07-17,0.5853309639597957,AOI-0013
2022-07-22,0.5554700645721907,AOI-0013
2022-08-14,0.5609895251254411,AOI-0013
2022-09-14,0.4617763774990905,AOI-0013
2022-10-07,0.378194098767576,AOI-0013
2022-10-14,0.3672532165211088,AOI-0013
2023-04-10,0.4546643755099198,AOI-0013
2023-06-21,0.5498104355022768,AOI-0013
2023-06-29,0.5691874790127,AOI-0013
2023-07-06,0.5448555075126303,AOI-0013
2023-07-12,0.5522596201731734,AOI-0013
2023-07-24,0.5281495021432826,AOI-0013
2023-08-05,0.5349319906863678,AOI-0013
2023-08-20,0.48858519778978127,AOI-0013
2023-08-23,0.5150120896102343,AOI-0013
2023-08-26,0.4824127186443996,AOI-0013
2023-09-11,0.495172110295968,AOI-0013
2023-09-14,0.4909298234777408,AOI-0013
2023-09-24,0.4999124743204455,AOI-0013
2023-10-05,0.40082403998555033,AOI-0013
2023-10-14,0.37066965792758694,AOI-0013
2023-10-17,0.33622317332318785,AOI-0013
2023-10-19,0.38829398140284793,AOI-0013
2024-04-26,0.41650194371576127,AOI-0013
2024-05-04,0.4850178195712579,AOI-0013
2024-05-23,0.5004982915642422,AOI-0013
2024-05-24,0.5142108697259146,AOI-0013
2024-06-30,0.47681944679900035,AOI-0013
2024-07-02,0.531762875020305,AOI-0013
2024-07-11,0.47944457848365457,AOI-0013
2024-07-26,0.3807601910976242,AOI-0013
2024-07-27,0.4089247307951094,AOI-0013
2024-08-09,0.47394576344593753,AOI-0013
2024-08-11,0.5129908897568253,AOI-0013
2024-09-03,0.4645715909752872,AOI-0013
2024-09-06,0.495096701520429,AOI-0013
2024-09-26,0.4486302957986889,AOI-0013
2024-10-08,0.33229197879708366,AOI-0013
2025-04-01,0.45114225892734927,AOI-0013
2025-04-28,0.5051965369138149,AOI-0013
2025-05-16,0.4551124144570752,AOI-0013
2025-05-19,0.4524637650566638,AOI-0013
2025-05-24,0.4541911988545736,AOI-0013
2025-07-07,0.4919727380067275,AOI-0013
2025-07-08,0.48864478612515033,AOI-0013
2025-07-14,0.5111623571066939,AOI-0013
2025-07-21,0.5281498248620424,AOI-0013
2025-07-27,0.510363179647172,AOI-0013
2025-08-15,0.479926806191108,AOI-0013
2025-09-03,0.39824069050753574,AOI-0013
2025-09-07,0.498167592272818,AOI-0013
2010-04-07,0.5154964926975546,AOI-0014
2010-04-24,0.6964439743540992,AOI-0014
2010-06-10,0.7442435256644652,AOI-0014
2010-09-23,0.18629725179309978,AOI-0014
2011-04-19,0.21729607673182919,AOI-0014
2011-04-26,0.235109754086902,AOI-0014
2011-05-09,0.6246719103724995,AOI-0014
2011-05-28,0.6330219885718467,AOI-0014
2011-06-14,0.7564598070020995,AOI-0014
2011-08-01,0.4480441252104334,AOI-0014
2011-09-14,0.29734519224225475,AOI-0014
2011-09-17,0.21515576042598605,AOI-0014
2011-10-27,0.32333734783782536,AOI-0014
2012-05-06,0.6836465081205825,AOI-0014
2012-06-25,0.3907644070662661,AOI-0014
2012-08-28,0.28152331753403703,AOI-0014
2012-09-04,0.19887804363906433,AOI-0014
2012-09-11,0.20221316263224956,AOI-0014
2012-09-27,0.1715551005356386,AOI-0014
2013-05-09,0.39786319948033155,AOI-0014
2013-06-11,0.6014761776875628,AOI-0014
2013-06-19,0.6748874299536823,AOI-0014
2013-07-28,0.6598778532905265,AOI-0014
2013-09-14,0.38209089059307244,AOI-0014
2013-09-23,0.2274935021355634,AOI-0014
2014-06-26,0.46254766345340764,AOI-0014
2014-06-29,0.3458507112643042,AOI-0014
2014-08-17,0.22087506485232591,AOI-0014
2014-09-30,0.30781323329202015,AOI-0014
2014-10-27,0.22094293655442981,AOI-0014
2015-04-14,0.3774555629847386,AOI-0014
2015-06-16,0.6083973506907072,AOI-0014
2015-06-26,0.4366563713532339,AOI-0014
2015-07-12,0.4320005025061618,AOI-0014
2015-07-27,0.3272572934386716,AOI-0014
2015-08-28,0.22149324458169323,AOI-0014
2016-04-22,0.3744136157054047,AOI-0014
2016-05-09,0.35218640051876243,AOI-0014
2016-06-03,0.6148600123833169,AOI-0014
2016-06-19,0.8000217408921733,AOI-0014
2016-08-13,0.46181126643001924,AOI-0014
2016-08-30,0.34506957518585224,AOI-0014
2017-04-26,0.7840890266093122,AOI-0014
2017-04-28,0.7830370783379825,AOI-0014
2017-05-21,0.882985838690904,AOI-0014
2017-05-29,0.8588042898061233,AOI-0014
2017-07-23,0.2890425696669261,AOI-0014
2017-07-31,0.2435509388658509,AOI-0014
2017-08-06,0.11930759663245,AOI-0014
2017-08-21,0.13222010467010115,AOI-0014
2017-09-10,0.16750082992828305,AOI-0014
2017-09-30,0.23459574016941218,AOI-0014
2017-10-08,0.1708215865426321,AOI-0014
2018-04-07,0.5540208112368272,AOI-0014
2018-05-03,0.8014072882333715,AOI-0014
2018-06-24,0.26729608449474335,AOI-0014
2018-07-18,0.22129546159799396,AOI-0014
2018-08-27,0.19915421161002272,AOI-0014
2018-10-06,0.21896190054356235,AOI-0014
2019-04-01,0.20325400039506164,AOI-0014
2019-04-21,0.22763495215480745,AOI-0014
2019-05-01,0.20222331865371204,AOI-0014
2019-05-09,0.4614180825630567,AOI-0014
2019-05-27,0.6796620110650484,AOI-0014
2019-05-28,0.680464000866241,AOI-0014
2019-06-04,0.7746699427089823,AOI-0014
2019-06-11,0.837635286414753,AOI-0014
2019-06-15,0.8583220120355267,AOI-0014
2019-06-22,0.7598343784574668,AOI-0014
2019-07-06,0.6382506867680506,AOI-0014
2019-08-14,0.3285380670816613,AOI-0014
2019-08-26,0.1790250351242758,AOI-0014
2020-04-06,0.6622615502973662,AOI-0014
2020-04-07,0.7077214217977009,AOI-0014
2020-04-17,0.7074102608981732,AOI-0014
2020-04-22,0.706229772299731,AOI-0014
2020-04-25,0.6995614392835465,AOI-0014
2020-05-15,0.6855137246766123,AOI-0014
2020-05-17,0.6924232599061609,AOI-0014
2020-06-04,0.711789595600102,AOI-0014
2020-06-25,0.3227312306012739,AOI-0014
2020-07-11,0.21347411074042102,AOI-0014
2020-07-27,0.22975370051447255,AOI-0014
2020-08-16,0.18350961992046297,AOI-0014
2020-09-09,0.15333439542690855,AOI-0014
2020-09-24,0.1391899069977227,AOI-0014
2021-04-07,0.3868373900672788,AOI-0014
2021-04-29,0.6797999894331096,AOI-0014
2021-05-25,0.8346177255291464,AOI-0014
2021-08-13,0.255973781498489,AOI-0014
2021-08-18,0.1551626291240595,AOI-0014
2021-09-14,0.19510192433798448,AOI-0014
2021-10-12,0.11489658344512325,AOI-0014
2021-10-14,0.18775630972270188,AOI-0014
2022-05-15,0.21891214888597207,AOI-0014
2022-05-26,0.33119493559723634,AOI-0014
2022-05-27,0.27586686131494653,AOI-0014
2022-06-24,0.7364962211044447,AOI-0014
2022-07-14,0.8155352817396655,AOI-0014
2022-07-24,0.7740919678214585,AOI-0014
2022-08-22,0.359765173031813,AOI-0014
2022-08-29,0.29479679002674597,AOI-0014
2022-09-02,0.1706903974148,AOI-0014
2022-09-08,0.22288288278742513,AOI-0014
2022-09-14,0.23317934159203885,AOI-0014
2023-06-07,0.8654012810072004,AOI-0014
2023-08-10,0.2006347491117073,AOI-0014
2024-04-04,0.7168169632228041,AOI-0014
2024-05-08,0.8256065517868518,AOI-0014
2024-05-09,0.8053428383096238,AOI-0014
2024-05-21,0.8237570715011548,AOI-0014
2024-05-23,0.8143774455411174,AOI-0014
2024-06-08,0.5487575370246475,AOI-0014
2024-07-25,0.15203106159132967,AOI-0014
2024-08-11,0.21289539602855267,AOI-0014
2024-09-01,0.14438139413860465,AOI-0014
2024-09-08,0.1408473332612519,AOI-0014
2024-09-11,0.1371345184912361,AOI-0014
2024-09-18,0.14266917877531426,AOI-0014
2024-09-29,0.21330499167983505,AOI-0014
2024-10-07,0.18428761791873735,AOI-0014
2024-10-30,0.2260605516772162,AOI-0014
2025-04-23,0.31701860077041377,AOI-0014
2025-05-01,0.20478805798203212,AOI-0014
2025-05-27,0.4495155794633495,AOI-0014
2025-06-13,0.4007262331312822,AOI-0014
2025-08-12,0.17979461593083695,AOI-0014
2025-08-15,0.2875012293440015,AOI-0014
2025-08-24,0.18664616411946927,AOI-0014
2025-09-11,0.16142599227757776,AOI-0014
2025-09-14,0.24514968782547797,AOI-0014
2025-09-23,0.19286303658612902,AOI-0014
2025-09-24,0.20986165152376782,AOI-0014
2025-05-04,0.3081821180594274,AOI-0015
2025-05-27,0.5334225909160238,AOI-0015
2025-06-07,0.4314254937802898,AOI-0015
2025-07-03,0.36320871626653073,AOI-0015
2025-07-05,0.37122449603383545,AOI-0015
2025-07-08,0.305022940345535,AOI-0015
2025-07-13,0.24311135840131673,AOI-0015
2025-07-15,0.2375747529278962,AOI-0015
2025-07-18,0.2357232463278122,AOI-0015
2025-07-21,0.2915015918930283,AOI-0015
2025-07-23,0.24268115738364304,AOI-0015
2025-09-07,0.1946385441996307,AOI-0015
2025-10-13,0.19220328384036986,AOI-0015
2025-10-16,0.2748940180074172,AOI-0015
2025-10-18,0.23111225843637437,AOI-0015
2025-04-19,0.2550847199451648,AOI-0016
2025-05-25,0.42912967876959535,AOI-0016
2025-06-11,0.5263570223085292,AOI-0016
2025-06-26,0.8026011108204261,AOI-0016
2025-07-10,0.7908772984154774,AOI-0016
2025-07-17,0.7009806792382067,AOI-0016
2025-07-18,0.7365135335489196,AOI-0016
2025-08-19,0.37111077501501577,AOI-0016
2025-08-29,0.36555686171311164,AOI-0016
2025-10-17,0.27269695641130276,AOI-0016
2010-06-10,0.6185331513933984,AOI-0017
2010-07-29,0.5554005770442729,AOI-0017
2010-09-23,0.3420841342505607,AOI-0017
2011-04-18,0.2885757393766224,AOI-0017
2011-09-17,0.5343872538851624,AOI-0017
2011-09-26,0.5263804838697856,AOI-0017
2011-09-30,0.5073098310442175,AOI-0017
2011-10-11,0.5155819775946006,AOI-0017
2011-10-27,0.4860556768337826,AOI-0017
2012-07-18,0.6301193992790312,AOI-0017
2012-07-27,0.49632384733016244,AOI-0017
2012-08-28,0.4872698216275604,AOI-0017
2012-09-29,0.4692487361896993,AOI-0017
2013-05-25,0.6303757668728186,AOI-0017
2013-07-12,0.5416326821874524,AOI-0017
2013-08-14,0.3970524231375121,AOI-0017
2013-09-14,0.6246365656251736,AOI-0017
2013-09-30,0.6124412072380638,AOI-0017
2013-10-09,0.6692379597228642,AOI-0017
2013-10-25,0.5865578597189965,AOI-0017
2014-04-23,0.6884183421638601,AOI-0017
2014-06-06,0.6228150694805495,AOI-0017
2014-07-24,0.41358752408410504,AOI-0017
2014-10-04,0.4032894817920183,AOI-0017
2015-04-23,0.47680478229082185,AOI-0017
2015-04-30,0.3820299024153913,AOI-0017
2015-07-11,0.6820168823804267,AOI-0017
2015-07-27,0.6410656807216584,AOI-0017
2015-08-03,0.5683538214235484,AOI-0017
2015-08-29,0.46132442420785935,AOI-0017
2015-10-16,0.40989865849351886,AOI-0017
2016-04-06,0.5064382274262861,AOI-0017
2016-04-07,0.4408114536815892,AOI-0017
2016-06-18,0.6201052010206157,AOI-0017
2016-07-05,0.5217284169439168,AOI-0017
2016-07-27,0.5719682737265621,AOI-0017
2016-08-21,0.5931244850269961,AOI-0017
2016-09-15,0.5310862605950225,AOI-0017
2016-10-15,0.5265332448190714,AOI-0017
2016-10-17,0.5085474069222476,AOI-0017
2017-06-06,0.6770551664135203,AOI-0017
2017-07-31,0.6438650547515937,AOI-0017
2017-08-01,0.630579244821057,AOI-0017
2017-09-02,0.5606924711524948,AOI-0017
2018-04-05,0.46110236429288276,AOI-0017
2018-05-09,0.6606746684774225,AOI-0017
2018-05-23,0.6223379118073415,AOI-0017
2018-06-20,0.5536338336753113,AOI-0017
2018-07-11,0.4305299641977066,AOI-0017
2018-07-12,0.50291331517442,AOI-0017
2019-04-25,0.4560865777719462,AOI-0017
2019-04-28,0.4429404779628823,AOI-0017
2019-05-13,0.5636075539578418,AOI-0017
2019-05-18,0.6257577996040469,AOI-0017
2019-05-28,0.7107146704619568,AOI-0017
2019-06-04,0.6608736898890248,AOI-0017
2019-06-12,0.6913962919827766,AOI-0017
2019-06-17,0.663655464328623,AOI-0017
2019-07-17,0.6600241168895912,AOI-0017
2019-08-06,0.6678568733662666,AOI-0017
2019-08-11,0.6586536866763597,AOI-0017
2019-08-24,0.3756392815158231,AOI-0017
2019-08-29,0.5027299630392242,AOI-0017
2019-08-31,0.5126206820576407,AOI-0017
2019-09-13,0.5106569271512126,AOI-0017
2020-04-25,0.33168459816041546,AOI-0017
2020-04-30,0.3948966630674907,AOI-0017
2020-05-08,0.6302453493916532,AOI-0017
2020-06-06,0.6282244744152968,AOI-0017
2020-06-26,0.4981687561632842,AOI-0017
2020-07-26,0.38303153337086,AOI-0017
2020-08-18,0.43628313620566694,AOI-0017
2020-09-02,0.39476727628934827,AOI-0017
2020-09-04,0.3542898687290611,AOI-0017
2020-09-09,0.4151077779799257,AOI-0017
2020-09-10,0.3602584762804353,AOI-0017
2020-09-19,0.3769660509530128,AOI-0017
2020-10-12,0.3673738015805797,AOI-0017
2021-04-07,0.35205977231463503,AOI-0017
2021-05-20,0.529135801541692,AOI-0017
2021-07-02,0.653372671835037,AOI-0017
2021-08-29,0.527398961287157,AOI-0017
2021-09-04,0.5445010880958143,AOI-0017
2021-09-27,0.41214557969542254,AOI-0017
2021-10-06,0.35900756457387994,AOI-0017
2021-10-27,0.5133858558586942,AOI-0017
2022-04-17,0.6322993223444581,AOI-0017
2022-04-23,0.6825053525472153,AOI-0017
2022-05-26,0.6448409743492124,AOI-0017
2022-05-27,0.6309914214898944,AOI-0017
2022-06-03,0.6149508094650399,AOI-0017
2022-06-11,0.5977242101044378,AOI-0017
2022-06-30,0.6061130765651587,AOI-0017
2022-07-12,0.582097734201508,AOI-0017
2022-07-19,0.5730780263203406,AOI-0017
2022-07-24,0.5506110217464883,AOI-0017
2022-08-07,0.556211608881567,AOI-0017
2022-08-14,0.556860800822702,AOI-0017
2022-08-15,0.5276341507045128,AOI-0017
2022-08-23,0.5496760321516085,AOI-0017
2022-08-30,0.5341205056316622,AOI-0017
2022-09-17,0.43212145308116084,AOI-0017
2022-10-19,0.49962242489721886,AOI-0017
2023-04-02,0.5010967393925255,AOI-0017
2023-05-06,0.6223526826285668,AOI-0017
2023-06-11,0.6949119048746625,AOI-0017
2023-06-19,0.6607336176774807,AOI-0017
2023-06-22,0.6642580549060718,AOI-0017
2023-07-24,0.653443218999061,AOI-0017
2023-09-19,0.5112398392416357,AOI-0017
2023-10-12,0.28915671407897975,AOI-0017
2023-10-16,0.37672913344673475,AOI-0017
2023-10-21,0.3123541694275962,AOI-0017
2024-04-04,0.5256963152320914,AOI-0017
2024-06-05,0.2704094382364364,AOI-0017
2024-06-13,0.22846518354436304,AOI-0017
2024-06-28,0.20359446195065448,AOI-0017
2024-07-19,0.2540687356455595,AOI-0017
2024-08-22,0.2164875441955137,AOI-0017
2024-09-01,0.2700481492949357,AOI-0017
2024-09-21,0.2662837381838885,AOI-0017
2024-09-29,0.2763411951427896,AOI-0017
2024-10-08,0.17967496301361582,AOI-0017
2024-10-22,0.29136294253268186,AOI-0017
2025-05-04,0.8549519043105891,AOI-0017
2025-05-27,0.7510363696827265,AOI-0017
2025-06-07,0.6301355972632456,AOI-0017
2025-06-28,0.3210114845316247,AOI-0017
2025-07-07,0.27712309672725477,AOI-0017
2025-08-23,0.2343668232753801,AOI-0017
2025-09-01,0.1827765112882512,AOI-0017
2025-10-02,0.28190037544450863,AOI-0017
2025-04-19,0.8288684207846752,AOI-0018
2025-05-27,0.6632380851210308,AOI-0018
2025-06-13,0.3363597727207013,AOI-0018
2025-06-15,0.34104753428832874,AOI-0018
2025-07-05,0.2632583358769054,AOI-0018
2025-07-07,0.2622393517953525,AOI-0018
2025-07-14,0.25334295294717923,AOI-0018
2025-07-21,0.29251625549030374,AOI-0018
2025-08-19,0.16792657620652682,AOI-0018
2025-08-27,0.1714581577172896,AOI-0018
2025-09-08,0.15670744622793167,AOI-0018
2025-09-24,0.23213844519671328,AOI-0018
2025-10-17,0.2556507409818154,AOI-0018
2025-04-14,0.520138745752218,AOI-0019
2025-04-17,0.5489963176914028,AOI-0019
2025-04-28,0.4989338927332957,AOI-0019
2025-05-14,0.5843128563595112,AOI-0019
2025-05-25,0.6231549918258903,AOI-0019
2025-06-15,0.44233657062727805,AOI-0019
2025-06-27,0.46458535484310837,AOI-0019
2025-06-30,0.38768387708028124,AOI-0019
2025-07-10,0.3248030097309395,AOI-0019
2025-07-14,0.31996697028426335,AOI-0019
2025-08-14,0.29254253289742177,AOI-0019
2025-08-31,0.216434340218243,AOI-0019
2025-09-15,0.2136365038114193,AOI-0019
2025-09-23,0.23529602885225873,AOI-0019
2025-09-24,0.2544248080206709,AOI-0019
2025-10-18,0.21312413208386366,AOI-0019
2025-04-18,0.238784477555495,AOI-0020
2025-04-23,0.4349727035099612,AOI-0020
2025-05-03,0.43282596663704986,AOI-0020
2025-06-03,0.6489860961869821,AOI-0020
2025-06-11,0.2708727491692327,AOI-0020
2025-07-12,0.42655453439514746,AOI-0020
2025-07-21,0.3747438293226176,AOI-0020
2025-07-29,0.31727545793595063,AOI-0020
2025-07-30,0.281560774428265,AOI-0020
2025-08-19,0.2439745667630447,AOI-0020
2025-10-13,0.1150534012389309,AOI-0020
2025-04-28,0.3872415958631673,AOI-0021
2025-05-27,0.5224782647466001,AOI-0021
2025-06-03,0.56710242927317,AOI-0021
2025-07-06,0.4105413919143311,AOI-0021
2025-07-18,0.31129031639876276,AOI-0021
2025-07-29,0.3415203537142737,AOI-0021
2025-08-07,0.2660450350984188,AOI-0021
2025-08-22,0.24623229584878303,AOI-0021
2025-08-30,0.25530658348384255,AOI-0021
2025-09-15,0.21376515947972202,AOI-0021
2025-09-24,0.2538026810028713,AOI-0021
2025-10-03,0.19254886536898524,AOI-0021
2025-04-01,0.5455010340694229,AOI-0022
2025-05-03,0.7775472120795461,AOI-0022
2025-05-06,0.7801312355855975,AOI-0022
2025-05-25,0.7704899051246279,AOI-0022
2025-05-28,0.8052531301841523,AOI-0022
2025-07-08,0.22857876434688884,AOI-0022
2025-07-17,0.18907623547693525,AOI-0022
2025-07-21,0.2269240719625052,AOI-0022
2025-08-27,0.1660423583494787,AOI-0022
2025-08-31,0.19144977227420526,AOI-0022
2025-09-23,0.18353140332669882,AOI-0022
2025-09-24,0.2064664789915975,AOI-0022
2025-09-30,0.26305488694961926,AOI-0022
2025-04-16,0.24749519538374298,AOI-0023
2025-04-17,0.21706220632903642,AOI-0023
2025-04-24,0.21615704434443606,AOI-0023
2025-05-01,0.19281695265952908,AOI-0023
2025-05-04,0.211967932373746,AOI-0023
2025-06-27,0.7425476712618944,AOI-0023
2025-07-05,0.6880329964164997,AOI-0023
2025-07-14,0.37258561096078074,AOI-0023
2025-07-15,0.340781536339711,AOI-0023
2025-08-14,0.16709240935897357,AOI-0023
2025-08-22,0.17324470868051317,AOI-0023
2025-08-30,0.20251510065564818,AOI-0023
2025-09-21,0.16572150212465497,AOI-0023
2025-09-23,0.1741205480068861,AOI-0023
2025-10-17,0.2268162770830245,AOI-0023
2025-04-07,0.31609050552106904,AOI-0024
2025-04-23,0.3518408793695273,AOI-0024
2025-05-25,0.4578898154457569,AOI-0024
2025-05-28,0.308097730131767,AOI-0024
2025-06-05,0.35046561674148574,AOI-0024
2025-07-03,0.4860084587644114,AOI-0024
2025-07-21,0.3868311915794926,AOI-0024
2025-07-25,0.3060981166875172,AOI-0024
2025-08-06,0.32415183274142434,AOI-0024
2025-08-09,0.2874583658349748,AOI-0024
2025-09-14,0.2937889329401287,AOI-0024
2025-09-21,0.21042906541450523,AOI-0024
2025-09-30,0.2485862813603074,AOI-0024
2025-10-02,0.19907942449046975,AOI-0024
2025-10-18,0.20679692699534313,AOI-0024
2025-04-14,0.19151169817561933,AOI-0025
2025-04-23,0.3234071903035738,AOI-0025
2025-04-24,0.19081535870639427,AOI-0025
2025-04-29,0.19448821096777788,AOI-0025
2025-05-09,0.30049129835760485,AOI-0025
2025-06-03,0.2194974836307992,AOI-0025
2025-06-13,0.22097453324895425,AOI-0025
2025-06-27,0.2037354570301429,AOI-0025
2025-07-21,0.1872889744824094,AOI-0025
2025-08-07,0.14818053595218258,AOI-0025
2025-08-30,0.19748193823404514,AOI-0025
2025-09-07,0.1845880288306101,AOI-0025
2025-09-14,0.25111231259301203,AOI-0025
2025-10-17,0.41641541820570854,AOI-0025
2025-04-07,0.7125678853471609,AOI-0026
2025-04-24,0.8515573253090548,AOI-0026
2025-05-09,0.8605077247310815,AOI-0026
2025-06-13,0.6596604193630861,AOI-0026
2025-07-08,0.23025173325105347,AOI-0026
2025-07-10,0.2203379010679925,AOI-0026
2025-07-12,0.27758227139180547,AOI-0026
2025-07-13,0.21731901698255163,AOI-0026
2025-07-18,0.1821373014327433,AOI-0026
2025-07-30,0.12037880846101512,AOI-0026
2025-08-19,0.1401731619145017,AOI-0026
2025-09-08,0.12176700701593436,AOI-0026
2025-09-23,0.16814234281032714,AOI-0026
2025-09-30,0.3366752673610768,AOI-0026
2025-04-16,0.7530928643423814,AOI-0027
2025-04-24,0.8080000447268502,AOI-0027
2025-06-13,0.49715136302819385,AOI-0027
2025-06-27,0.39241391306541357,AOI-0027
2025-07-05,0.3063692524107083,AOI-0027
2025-07-12,0.34716961483644126,AOI-0027
2025-07-13,0.25541008166180856,AOI-0027
2025-07-23,0.23169119442609842,AOI-0027
2025-07-29,0.3116433126407636,AOI-0027
2025-08-19,0.270110430685411,AOI-0027
2025-08-30,0.2604059351505456,AOI-0027
2025-09-16,0.24209723466080013,AOI-0027
2025-10-16,0.5497739916117793,AOI-0027
2010-04-07,0.7143891545108335,AOI-0028
2010-04-15,0.6982293220328462,AOI-0028
2010-10-24,0.19920492577322704,AOI-0028
2011-05-25,0.5316909787438575,AOI-0028
2011-07-28,0.582209257298918,AOI-0028
2011-08-08,0.5669831440448441,AOI-0028
2011-10-11,0.22913948031905168,AOI-0028
2012-04-22,0.7341239339280676,AOI-0028
2012-09-27,0.15535277436853728,AOI-0028
2012-10-15,0.3011344996110771,AOI-0028
2013-04-07,0.29930143804239895,AOI-0028
2013-06-10,0.32671714627812143,AOI-0028
2013-06-26,0.2669366213529455,AOI-0028
2013-08-29,0.2903792017505564,AOI-0028
2014-04-07,0.6708016972064768,AOI-0028
2014-05-04,0.9084961944521502,AOI-0028
2014-07-28,0.2843626120731268,AOI-0028
2014-10-11,0.19321507058387918,AOI-0028
2015-04-13,0.19580962961782547,AOI-0028
2015-08-27,0.29635253946868123,AOI-0028
2015-09-28,0.16910901822494734,AOI-0028
2016-04-07,0.6769138633984426,AOI-0028
2016-04-23,0.8290954644994633,AOI-0028
2016-06-09,0.6411806300744575,AOI-0028
2016-06-10,0.7055779391739146,AOI-0028
2016-06-25,0.3719356829210311,AOI-0028
2016-07-27,0.2889155922845743,AOI-0028
2016-09-06,0.16179191994399672,AOI-0028
2017-04-26,0.27730368137070516,AOI-0028
2017-07-23,0.23245428184467656,AOI-0028
2017-08-09,0.13243343368881227,AOI-0028
2017-08-13,0.2513042318883259,AOI-0028
2017-08-29,0.19844549468283837,AOI-0028
2017-09-17,0.2236928174640933,AOI-0028
2018-05-11,0.8786399668876841,AOI-0028
2018-08-19,0.19708408372513783,AOI-0028
2018-08-29,0.23010549907308647,AOI-0028
2018-09-12,0.2040044761722704,AOI-0028
2018-10-08,0.16113955298101645,AOI-0028
2019-04-06,0.1517856135840077,AOI-0028
2019-05-02,0.24149843948600772,AOI-0028
2019-05-25,0.377803391783531,AOI-0028
2019-06-27,0.19759956455670197,AOI-0028
2019-08-09,0.17394073269276664,AOI-0028
2019-08-24,0.14541009151245446,AOI-0028
2019-10-17,0.6213332759134725,AOI-0028
2020-04-25,0.8222550995578531,AOI-0028
2020-05-04,0.8597613073920564,AOI-0028
2020-05-08,0.8376270727005939,AOI-0028
2020-05-30,0.8400990387488438,AOI-0028
2020-07-14,0.1918431960460531,AOI-0028
2020-08-03,0.12361309334704187,AOI-0028
2020-08-08,0.13212884594859942,AOI-0028
2020-09-02,0.13486030653358472,AOI-0028
2020-09-13,0.22734969201558666,AOI-0028
2021-06-14,0.7762218248719158,AOI-0028
2021-06-16,0.7809490391883956,AOI-0028
2021-06-24,0.8023073494431078,AOI-0028
2021-06-26,0.7804340668566896,AOI-0028
2021-07-24,0.7680512111846204,AOI-0028
2021-10-27,0.3385922429014651,AOI-0028
2022-04-07,0.6860926840313764,AOI-0028
2022-04-23,0.8434779875577971,AOI-0028
2022-06-09,0.901953201736668,AOI-0028
2022-06-29,0.35719982525060856,AOI-0028
2022-07-28,0.23876930093996343,AOI-0028
2022-08-03,0.12103918300832141,AOI-0028
2022-08-08,0.13791811729464776,AOI-0028
2022-08-30,0.15063675965567183,AOI-0028
2022-10-01,0.20717460120928638,AOI-0028
2023-04-07,0.3369190356941425,AOI-0028
2023-04-11,0.1916080996471979,AOI-0028
2023-05-05,0.2116727884017183,AOI-0028
2023-05-09,0.45197892680884555,AOI-0028
2023-06-09,0.2376501718579445,AOI-0028
2023-08-06,0.19815154961046383,AOI-0028
2023-08-23,0.1383642165322118,AOI-0028
2023-08-29,0.23038620899769163,AOI-0028
2023-09-22,0.16612801828279666,AOI-0028
2023-09-24,0.17469797496538794,AOI-0028
2023-09-30,0.2665871018680844,AOI-0028
2024-05-07,0.8768659036904564,AOI-0028
2024-05-23,0.7792191241266977,AOI-0028
2024-05-24,0.7860145870014101,AOI-0028
2024-07-27,0.21781692528511915,AOI-0028
2024-08-03,0.18230544776665364,AOI-0028
2024-08-12,0.15017327930451055,AOI-0028
2024-09-11,0.12127929102364075,AOI-0028
2024-09-16,0.13576596298538277,AOI-0028
2025-04-07,0.3307119422128068,AOI-0028
2025-05-24,0.6096199771175981,AOI-0028
2025-05-31,0.6500289061523817,AOI-0028
2025-06-11,0.6626434165694345,AOI-0028
2025-06-26,0.5583503758470442,AOI-0028
2025-06-27,0.553904577010528,AOI-0028
2025-07-10,0.26849383093198587,AOI-0028
2025-07-13,0.20097451162031704,AOI-0028
2025-07-23,0.1737926693290452,AOI-0028
2025-08-13,0.2315539744610413,AOI-0028
2025-09-08,0.1270036420355277,AOI-0028
2025-09-11,0.13940601109620715,AOI-0028
2025-10-16,0.23810363034481644,AOI-0028
2025-10-28,0.25101432769397675,AOI-0028
2025-04-04,0.5260834041665118,AOI-0029
2025-04-24,0.8346922610942216,AOI-0029
2025-06-08,0.6986002557065507,AOI-0029
2025-06-10,0.6144552844184685,AOI-0029
2025-06-11,0.6637378386868467,AOI-0029
2025-06-13,0.6184299316135362,AOI-0029
2025-07-29,0.19053560108831274,AOI-0029
2025-08-02,0.10789690509851724,AOI-0029
2025-08-19,0.12413484848284423,AOI-0029
2025-09-11,0.1388876720929577,AOI-0029
2025-09-16,0.14545080761590118,AOI-0029
2025-04-21,0.5428721647241,AOI-0030
2025-04-24,0.6145675219477345,AOI-0030
2025-06-10,0.726317286185169,AOI-0030
2025-08-07,0.6693032143255013,AOI-0030
2010-06-04,0.5622984965545885,AOI-0031
2010-09-14,0.20291102261040644,AOI-0031
2011-04-23,0.3291660072721262,AOI-0031
2011-06-10,0.5005395818505664,AOI-0031
2011-07-09,0.21721523195620032,AOI-0031
2011-08-11,0.21623210763567854,AOI-0031
2011-08-18,0.2052181469221442,AOI-0031
2011-08-19,0.1887912514190748,AOI-0031
2011-09-19,0.23823153338575537,AOI-0031
2012-04-06,0.28392897632063596,AOI-0031
2012-04-15,0.17932312394203853,AOI-0031
2013-04-07,0.4959175081846222,AOI-0031
2013-05-09,0.6381423440989806,AOI-0031
2013-05-12,0.5368831876505995,AOI-0031
2013-05-25,0.5145991709414605,AOI-0031
2013-06-12,0.23127242101601603,AOI-0031
2013-06-28,0.19373557540931424,AOI-0031
2013-07-23,0.2273169359085927,AOI-0031
2013-08-13,0.28363264723780385,AOI-0031
2013-10-16,0.3491454920193742,AOI-0031
2014-05-23,0.3681447711285434,AOI-0031
2014-06-23,0.2908157812166352,AOI-0031
2014-07-17,0.14705991178200595,AOI-0031
2014-07-28,0.2067488582807609,AOI-0031
2014-08-02,0.1360851415088827,AOI-0031
2014-08-13,0.20249484393117298,AOI-0031
2014-10-14,0.16201914798621472,AOI-0031
2015-09-22,0.20018126998278513,AOI-0031
2015-10-16,0.21908485702312552,AOI-0031
2016-04-01,0.24961301867053265,AOI-0031
2016-04-17,0.41207743073386344,AOI-0031
2016-04-22,0.571953493779621,AOI-0031
2016-05-03,0.6084979172761353,AOI-0031
2016-05-24,0.7564229670212721,AOI-0031
2016-06-09,0.5589253238621508,AOI-0031
2016-06-12,0.5700564692622909,AOI-0031
2016-06-20,0.34815883843876305,AOI-0031
2016-06-25,0.29962558578749393,AOI-0031
2016-07-30,0.2476348061952524,AOI-0031
2017-05-06,0.7093568050900048,AOI-0031
2017-06-07,0.6997752073752689,AOI-0031
2017-08-03,0.18865835868864717,AOI-0031
2017-08-13,0.17151928028726385,AOI-0031
2017-09-04,0.17036630500302333,AOI-0031
2017-09-22,0.2632202071783747,AOI-0031
2018-04-23,0.5639454866337592,AOI-0031
2018-05-02,0.7114994862478574,AOI-0031
2018-05-18,0.6167783991655598,AOI-0031
2018-06-03,0.2859224380090988,AOI-0031
2018-06-10,0.2779545006359557,AOI-0031
2018-06-11,0.2417313781783701,AOI-0031
2018-07-13,0.21914121885615484,AOI-0031
2018-09-06,0.20894811289834936,AOI-0031
2018-09-14,0.1891888124411396,AOI-0031
2018-10-07,0.15754695205538705,AOI-0031
2018-10-12,0.17092080938142246,AOI-0031
2019-04-10,0.4974686360431019,AOI-0031
2019-06-14,0.1892517458132314,AOI-0031
2019-06-22,0.16441487776510666,AOI-0031
2019-07-09,0.19103141959741593,AOI-0031
2019-07-23,0.3347359192769325,AOI-0031
2019-08-08,0.42188269859212624,AOI-0031
2019-08-31,0.2032544026484444,AOI-0031
2019-09-17,0.17902237847291377,AOI-0031
2019-10-03,0.23722259049328662,AOI-0031
2019-10-10,0.3499150533855849,AOI-0031
2019-10-12,0.334196670804844,AOI-0031
2019-10-22,0.4679722705685837,AOI-0031
2020-04-13,0.45749770709463666,AOI-0031
2020-06-01,0.3692663217459926,AOI-0031
2020-06-06,0.5239951594463821,AOI-0031
2020-07-11,0.16124579476304088,AOI-0031
2020-07-18,0.10958218560256007,AOI-0031
2020-07-28,0.1191072709484617,AOI-0031
2020-08-07,0.12590127749555088,AOI-0031
2020-08-17,0.12171465740852642,AOI-0031
2020-08-22,0.11758278071077,AOI-0031
2020-09-27,0.14655239086237887,AOI-0031
2020-10-13,0.1733695194751318,AOI-0031
2020-10-19,0.1045190431540546,AOI-0031
2020-10-21,0.16852843481270624,AOI-0031
2021-04-07,0.2209334310131599,AOI-0031
2021-05-17,0.33884522237684156,AOI-0031
2021-06-11,0.15797465792223875,AOI-0031
2021-07-01,0.1528514115644109,AOI-0031
2021-07-16,0.10581568510627161,AOI-0031
2021-07-21,0.12211352080241501,AOI-0031
2021-08-06,0.17778307744274743,AOI-0031
2021-08-25,0.14168005291623736,AOI-0031
2021-08-30,0.13865928126602878,AOI-0031
2022-05-14,0.8541087096261057,AOI-0031
2022-06-10,0.6379509556953765,AOI-0031
2022-06-11,0.7502240497114983,AOI-0031
2022-06-20,0.3860456049357493,AOI-0031
2022-06-21,0.36414299022551677,AOI-0031
2022-07-08,0.16663580055085875,AOI-0031
2022-07-12,0.21532629249424773,AOI-0031
2022-09-08,0.12443541604583835,AOI-0031
2022-09-09,0.12798149996419722,AOI-0031
2022-09-10,0.13655674258988665,AOI-0031
2022-09-11,0.1274233341905854,AOI-0031
2022-09-26,0.12576246404934788,AOI-0031
2022-09-29,0.1401138218784305,AOI-0031
2023-04-04,0.3095070498992076,AOI-0031
2023-04-27,0.3768465610736151,AOI-0031
2023-05-17,0.42167673967810926,AOI-0031
2023-06-17,0.2880931685204632,AOI-0031
2023-06-23,0.2593580375264773,AOI-0031
2023-06-26,0.25764630263538035,AOI-0031
2023-07-11,0.26247687825979327,AOI-0031
2023-08-15,0.22569420119940475,AOI-0031
2023-09-19,0.17697629241095064,AOI-0031
2023-09-20,0.21695531909110422,AOI-0031
2023-09-30,0.2390138608495641,AOI-0031
2023-10-15,0.18475669760413438,AOI-0031
2023-10-24,0.18022208163585338,AOI-0031
2024-05-03,0.2030036748222685,AOI-0031
2024-06-02,0.18886071150439052,AOI-0031
2024-07-02,0.17395323647314465,AOI-0031
2024-07-10,0.12598532118314243,AOI-0031
2024-07-13,0.1525950510633558,AOI-0031
2024-08-09,0.13173947715542772,AOI-0031
2024-08-16,0.1440656569762693,AOI-0031
2024-08-26,0.1324642507803659,AOI-0031
2025-04-19,0.4770167960191214,AOI-0031
2025-04-23,0.5439475989983842,AOI-0031
2025-06-21,0.4851031043541642,AOI-0031
2025-07-12,0.22463023510251334,AOI-0031
2025-07-15,0.1789780208142372,AOI-0031
2025-08-06,0.18449903416567753,AOI-0031
2025-08-09,0.1738007166658252,AOI-0031
2025-09-08,0.13483754496180436,AOI-0031
2025-09-15,0.14783606621430412,AOI-0031
2025-09-17,0.16808038264035677,AOI-0031
2025-10-02,0.18924409161820382,AOI-0031
2025-10-22,0.226248708999964,AOI-0031
2010-06-04,0.2941865718009193,AOI-0032
2010-06-10,0.28720032185538946,AOI-0032
2010-06-20,0.21312118777577588,AOI-0032
2010-07-12,0.22975879021292908,AOI-0032
2010-08-16,0.14848792459500632,AOI-0032
2010-09-14,0.20304660419301682,AOI-0032
2010-09-30,0.23000826275374206,AOI-0032
2011-07-12,0.27473306221517035,AOI-0032
2011-08-29,0.2712973514199388,AOI-0032
2011-09-11,0.1757330900424818,AOI-0032
2011-09-28,0.20334231015548065,AOI-0032
2012-04-06,0.2897829754120114,AOI-0032
2012-05-01,0.35154067252282795,AOI-0032
2012-06-25,0.260681366094366,AOI-0032
2012-10-08,0.1420486004099021,AOI-0032
2013-05-19,0.44154840980169857,AOI-0032
2013-05-20,0.40444782705834686,AOI-0032
2013-06-10,0.31688299207653914,AOI-0032
2013-06-12,0.2726428246239967,AOI-0032
2013-06-13,0.2852006854982416,AOI-0032
2013-07-22,0.3688845467407127,AOI-0032
2013-07-30,0.36067095346674444,AOI-0032
2013-08-13,0.28139526391766173,AOI-0032
2013-08-29,0.2672293875768423,AOI-0032
2013-09-14,0.2610444749553994,AOI-0032
2014-06-16,0.24685860174169044,AOI-0032
2014-06-26,0.2219511871945357,AOI-0032
2014-07-12,0.18842845866518976,AOI-0032
2014-09-03,0.1427763361150335,AOI-0032
2015-04-23,0.2411259415328046,AOI-0032
2015-06-18,0.4552447248886048,AOI-0032
2015-07-13,0.26424265041447104,AOI-0032
2015-09-15,0.1786758461666854,AOI-0032
2015-09-23,0.1760270399085938,AOI-0032
2015-09-30,0.19636227533985415,AOI-0032
2016-04-06,0.2967174615402124,AOI-0032
2016-04-10,0.1897275170018074,AOI-0032
2016-05-03,0.20027945260733748,AOI-0032
2016-06-09,0.3512028578862991,AOI-0032
2016-06-28,0.21149897522147781,AOI-0032
2016-07-15,0.17439657912539905,AOI-0032
2016-07-30,0.19823306300565016,AOI-0032
2016-08-16,0.15947723454409107,AOI-0032
2016-09-09,0.17931598190539266,AOI-0032
2016-10-18,0.3828980369146533,AOI-0032
2017-04-04,0.3814124234653668,AOI-0032
2017-04-28,0.6779191710083974,AOI-0032
2017-05-09,0.7842669160567749,AOI-0032
2017-07-02,0.23829437133420509,AOI-0032
2017-08-02,0.18632675807511084,AOI-0032
2017-08-11,0.14060294514607583,AOI-0032
2017-08-19,0.13915962584278532,AOI-0032
2017-08-27,0.17190330657421138,AOI-0032
2017-09-03,0.161781556342819,AOI-0032
2017-09-12,0.1372950240209846,AOI-0032
2018-04-15,0.19770848764109025,AOI-0032
2018-06-10,0.1969531939881782,AOI-0032
2018-06-19,0.153446751733781,AOI-0032
2018-09-14,0.16244262547748217,AOI-0032
2018-09-23,0.17220396629973472,AOI-0032
2018-09-30,0.17305164733857606,AOI-0032
2018-10-07,0.16622688491158766,AOI-0032
2018-10-12,0.20164929210671823,AOI-0032
2019-04-26,0.7000267020986208,AOI-0032
2019-04-28,0.6985551152988313,AOI-0032
2019-05-18,0.8042257442202744,AOI-0032
2019-05-20,0.7984900652941664,AOI-0032
2019-05-30,0.6734076144898169,AOI-0032
2019-06-14,0.21229122688842794,AOI-0032
2019-06-19,0.20076379059733546,AOI-0032
2019-07-23,0.2285017812787576,AOI-0032
2019-09-25,0.11586204417221486,AOI-0032
2019-10-05,0.17093583833454684,AOI-0032
2019-10-11,0.20646895359022063,AOI-0032
2019-10-25,0.39167079138114624,AOI-0032
2019-10-28,0.43024856525471544,AOI-0032
2020-05-27,0.4119527560676493,AOI-0032
2020-05-30,0.44403234256142654,AOI-0032
2020-06-24,0.21366054476378538,AOI-0032
2020-06-26,0.18712186589112956,AOI-0032
2020-08-05,0.1354742954714124,AOI-0032
2020-08-07,0.13288201664959626,AOI-0032
2020-09-13,0.1689052808349954,AOI-0032
2020-09-28,0.1114954553754472,AOI-0032
2020-09-29,0.1493465435918987,AOI-0032
2020-10-05,0.12859997440335455,AOI-0032
2020-10-06,0.156455963205035,AOI-0032
2020-10-24,0.17385420756788703,AOI-0032
2021-04-04,0.07657986836397498,AOI-0032
2021-04-23,0.23470986412640665,AOI-0032
2021-05-01,0.13011025895880624,AOI-0032
2021-05-25,0.2835697231011591,AOI-0032
2021-06-18,0.18547406550654805,AOI-0032
2021-07-01,0.1552836832408208,AOI-0032
2021-07-18,0.13417643704065155,AOI-0032
2021-09-06,0.15613026371435676,AOI-0032
2021-09-15,0.15705276361098833,AOI-0032
2021-10-08,0.3201339712787977,AOI-0032
2022-04-26,0.7987921799891606,AOI-0032
2022-05-09,0.8160452648179184,AOI-0032
2022-05-13,0.8442228982921736,AOI-0032
2022-05-29,0.8325353716560454,AOI-0032
2022-06-06,0.7403941817827391,AOI-0032
2022-06-13,0.5989678635360037,AOI-0032
2022-06-30,0.3181883506356392,AOI-0032
2022-08-01,0.14200862273704734,AOI-0032
2022-08-02,0.10703070843101922,AOI-0032
2022-08-15,0.11365110562118627,AOI-0032
2022-08-24,0.15900560036217368,AOI-0032
2022-08-29,0.179786500877385,AOI-0032
2022-09-11,0.1279846477952704,AOI-0032
2023-04-07,0.28454791771666155,AOI-0032
2023-04-12,0.18855859208355702,AOI-0032
2023-05-12,0.25107269271260224,AOI-0032
2023-05-15,0.2408338664574931,AOI-0032
2023-05-24,0.2755742479631318,AOI-0032
2023-06-06,0.405383613779211,AOI-0032
2023-06-18,0.4804169717148742,AOI-0032
2023-07-26,0.2902642420215463,AOI-0032
2023-07-28,0.300074812663117,AOI-0032
2023-08-08,0.23338663945894064,AOI-0032
2023-09-01,0.21838270024908535,AOI-0032
2023-09-11,0.2115467452304633,AOI-0032
2023-09-24,0.1893025492297054,AOI-0032
2024-04-07,0.2144837406960902,AOI-0032
2024-05-06,0.2028364229061643,AOI-0032
2024-06-03,0.20782998964927296,AOI-0032
2024-07-12,0.13437688501334616,AOI-0032
2024-07-25,0.15276970332379083,AOI-0032
2024-07-30,0.12822784610782118,AOI-0032
2024-08-22,0.1704341976641192,AOI-0032
2024-08-30,0.1611582787689821,AOI-0032
2024-09-13,0.1437338073759008,AOI-0032
2024-09-18,0.1434507854051643,AOI-0032
2024-10-05,0.13304315419851812,AOI-0032
2024-10-15,0.19534115266008356,AOI-0032
2024-10-23,0.14903149846600272,AOI-0032
2025-05-06,0.6927828874399038,AOI-0032
2025-05-28,0.7261700556681597,AOI-0032
2025-06-30,0.2878843799036372,AOI-0032
2025-07-07,0.21881558107749707,AOI-0032
2025-07-10,0.17928958271126116,AOI-0032
2025-08-13,0.20795515595928693,AOI-0032
2025-08-16,0.1494819766905039,AOI-0032
2025-08-24,0.15081659652074597,AOI-0032
2025-08-31,0.16438309424282455,AOI-0032
2025-09-03,0.14804037008289594,AOI-0032
2025-10-08,0.16873771884658068,AOI-0032
2025-04-28,0.20077701909392429,AOI-0033
2025-05-20,0.2634468799410074,AOI-0033
2025-06-10,0.6515532900486215,AOI-0033
2025-06-22,0.6799429502149259,AOI-0033
2025-07-05,0.4397290359254213,AOI-0033
2025-07-10,0.31165891193747813,AOI-0033
2025-09-15,0.25445807639586593,AOI-0033
2025-04-25,0.18258745405086474,AOI-0034
2025-05-06,0.17190284951571208,AOI-0034
2025-05-09,0.31283544511149536,AOI-0034
2025-06-10,0.26901661588856096,AOI-0034
2025-06-15,0.174141699859815,AOI-0034
2025-06-21,0.1934069363242825,AOI-0034
2025-07-07,0.1512350312807334,AOI-0034
2025-07-10,0.1451512152624626,AOI-0034
2025-07-16,0.17663439343109866,AOI-0034
2025-08-31,0.1551807852959049,AOI-0034
2025-09-13,0.13718000595543567,AOI-0034
2025-09-23,0.15279626750139805,AOI-0034
2025-10-02,0.2641968707903469,AOI-0034
2025-10-16,0.6302512658788484,AOI-0034
2025-05-16,0.12820829122273822,AOI-0035
2025-05-20,0.18944819976087615,AOI-0035
2025-06-05,0.1796041914356262,AOI-0035
2025-06-07,0.14973813416359877,AOI-0035
2025-06-10,0.25877191288025336,AOI-0035
2025-07-30,0.14005004336879784,AOI-0035
2025-08-31,0.15035541504429453,AOI-0035
2025-09-26,0.1749004451535598,AOI-0035
2025-09-28,0.15202228329890044,AOI-0035
2025-10-02,0.19513665987840967,AOI-0035
2025-10-30,0.6052543941953702,AOI-0035
2025-05-16,0.5603651901993562,AOI-0036
2025-07-16,0.22985747540610346,AOI-0036
2025-08-01,0.1821396968584528,AOI-0036
2025-08-09,0.15010497313951934,AOI-0036
2025-08-23,0.17230559236413687,AOI-0036
2025-10-02,0.18089856728101003,AOI-0036
2025-04-07,0.47993414600457895,AOI-0037
2025-04-16,0.49741055935225587,AOI-0037
2025-05-23,0.6259117984513445,AOI-0037
2025-06-30,0.3700717251191051,AOI-0037
2025-07-14,0.28607142240395833,AOI-0037
2025-07-23,0.2617306043582402,AOI-0037
2025-08-09,0.2163634951285476,AOI-0037
2025-08-16,0.23930955392435013,AOI-0037
2025-09-12,0.18579953099762758,AOI-0037
2025-09-13,0.18795680867376674,AOI-0037
2025-09-23,0.19454631049396343,AOI-0037
2025-09-26,0.2213345804503038,AOI-0037
2025-09-30,0.2615210141162555,AOI-0037
2025-10-05,0.19095133908823625,AOI-0037
2025-04-07,0.4594105081950799,AOI-0038
2025-04-25,0.5002113947258925,AOI-0038
2025-06-14,0.47759176398108216,AOI-0038
2025-07-10,0.19356195599819795,AOI-0038
2025-07-15,0.18800021530752892,AOI-0038
2025-08-14,0.19750566352436288,AOI-0038
2025-09-02,0.208488445991804,AOI-0038
2025-10-05,0.16490674689027596,AOI-0038
2025-10-08,0.17249830257737242,AOI-0038
2025-10-16,0.2871867789653191,AOI-0038
2025-05-04,0.7225502739877192,AOI-0039
2025-05-08,0.6262429045208524,AOI-0039
2025-05-28,0.6260068644589528,AOI-0039
2025-07-10,0.4321423709910682,AOI-0039
2025-08-06,0.3264051781450642,AOI-0039
2025-08-24,0.3355414542385587,AOI-0039
2025-09-08,0.2898225593830602,AOI-0039
2025-09-12,0.27078407227349527,AOI-0039
2025-09-14,0.35480575223405975,AOI-0039
2025-09-26,0.3121543550299004,AOI-0039
2025-10-23,0.3498008699222296,AOI-0039
2025-04-02,0.3139667155478423,AOI-0040
2025-04-03,0.3272855893539731,AOI-0040
2025-05-06,0.7192578494221815,AOI-0040
2025-06-07,0.6583233244791695,AOI-0040
2025-07-08,0.23434372629323996,AOI-0040
2025-09-12,0.13497531591506773,AOI-0040
2025-09-13,0.12902931327313114,AOI-0040
2025-09-28,0.1461775556523626,AOI-0040
2025-09-30,0.22462358009355488,AOI-0040
2025-10-02,0.1889553787203433,AOI-0040
2025-04-23,0.6265073435285301,AOI-0041
2025-05-20,0.5969746023688814,AOI-0041
2025-06-22,0.366815547497759,AOI-0041
2025-06-27,0.3664371176282997,AOI-0041
2025-07-23,0.2609761783633344,AOI-0041
2025-08-19,0.22026913878455948,AOI-0041
2025-09-30,0.2748798937016769,AOI-0041
2025-04-18,0.16254737973387123,AOI-0042
2025-05-04,0.1602329264866304,AOI-0042
2025-06-13,0.19849612573768463,AOI-0042
2025-07-14,0.16744660543492484,AOI-0042
2025-07-16,0.1812842722987855,AOI-0042
2025-07-24,0.18597174569523098,AOI-0042
2025-08-17,0.15348882522351076,AOI-0042
2025-08-19,0.13395058346300515,AOI-0042
2025-08-24,0.1334686210606304,AOI-0042
2025-08-29,0.16378237337382295,AOI-0042
2025-09-15,0.12788062136930223,AOI-0042
2025-09-17,0.15504721252417436,AOI-0042
2025-10-02,0.1821186108420945,AOI-0042
2025-04-24,0.3061079454553661,AOI-0043
2025-04-29,0.30497498711054205,AOI-0043
2025-05-31,0.18162576761961358,AOI-0043
2025-06-08,0.2475466154542458,AOI-0043
2025-06-15,0.14842416268262715,AOI-0043
2025-06-17,0.11725560374530013,AOI-0043
2025-06-25,0.12017419627010362,AOI-0043
2025-07-07,0.18093032647993582,AOI-0043
2025-07-13,0.16357736796953598,AOI-0043
2025-08-12,0.14978485565325889,AOI-0043
2025-09-24,0.20307053786954965,AOI-0043
2025-10-13,0.17008314599729168,AOI-0043
2025-10-15,0.1753005091081323,AOI-0043
2010-04-16,0.20538469453538494,AOI-0044
2010-04-25,0.3107661038434296,AOI-0044
2010-05-09,0.5035385451257668,AOI-0044
2010-05-18,0.3808312471819308,AOI-0044
2010-06-12,0.4510044984362862,AOI-0044
2010-06-20,0.4372002708453945,AOI-0044
2010-06-28,0.5137753574341285,AOI-0044
2010-07-29,0.2167734610578076,AOI-0044
2010-08-06,0.18960559940024257,AOI-0044
2010-10-16,0.2595047930465636,AOI-0044
2010-10-25,0.18420085246435094,AOI-0044
2011-07-16,0.6509465387442365,AOI-0044
2011-08-01,0.3264957521749596,AOI-0044
2011-08-02,0.3120011308379209,AOI-0044
2011-10-16,0.3614312959079464,AOI-0044
2012-04-06,0.31920395177322725,AOI-0044
2012-05-08,0.610083771882678,AOI-0044
2013-05-02,0.24351739658336397,AOI-0044
2013-05-03,0.27400799572634216,AOI-0044
2013-05-11,0.32173072372234335,AOI-0044
2014-04-07,0.39998619504986144,AOI-0044
2014-06-06,0.2648179782894705,AOI-0044
2014-06-14,0.20837967497079699,AOI-0044
2014-06-23,0.22580633084236337,AOI-0044
2014-08-02,0.18883273395468142,AOI-0044
2014-08-09,0.19316200254202662,AOI-0044
2014-08-29,0.22971762616460908,AOI-0044
2014-09-18,0.18818269962364723,AOI-0044
2014-09-19,0.17026632568431244,AOI-0044
2014-10-04,0.19762443304306343,AOI-0044
2014-10-12,0.17292887029419807,AOI-0044
2014-10-28,0.18074138353569116,AOI-0044
2014-10-29,0.2170710781397561,AOI-0044
2015-06-26,0.41483392677113307,AOI-0044
2015-07-27,0.24358810782415402,AOI-0044
2015-07-28,0.27970119773388813,AOI-0044
2015-08-29,0.24038874663798646,AOI-0044
2015-10-08,0.21050685526136087,AOI-0044
2015-10-16,0.3205294143783549,AOI-0044
2016-04-08,0.5371623399822439,AOI-0044
2016-05-08,0.8248449548803765,AOI-0044
2016-05-11,0.849698848210035,AOI-0044
2016-06-20,0.36088633157994376,AOI-0044
2016-06-25,0.3498824458716683,AOI-0044
2016-07-13,0.2952462023021553,AOI-0044
2016-07-27,0.34473351653867135,AOI-0044
2016-09-07,0.2056991059500109,AOI-0044
2016-09-13,0.26247041216174455,AOI-0044
2016-10-02,0.2209467565355536,AOI-0044
2016-10-26,0.21693271744318135,AOI-0044
2017-04-03,0.17407274989582938,AOI-0044
2017-04-04,0.1672282013505486,AOI-0044
2017-04-12,0.2406447146451534,AOI-0044
2017-06-27,0.239792509662348,AOI-0044
2017-06-30,0.23028577549009788,AOI-0044
2017-08-10,0.18904513774750395,AOI-0044
2017-09-14,0.2599749524627724,AOI-0044
2018-04-06,0.4808092554234197,AOI-0044
2018-07-12,0.22474199094209704,AOI-0044
2018-07-19,0.15515905118270715,AOI-0044
2018-09-30,0.2368979930627821,AOI-0044
2019-04-25,0.35540942524470787,AOI-0044
2019-04-26,0.35358984662520926,AOI-0044
2019-06-02,0.7137100536587732,AOI-0044
2019-06-12,0.4891345453262077,AOI-0044
2019-06-20,0.326139831545712,AOI-0044
2019-08-13,0.4112517624227777,AOI-0044
2019-09-10,0.18303877921136374,AOI-0044
2019-09-15,0.16920581797274645,AOI-0044
2019-09-16,0.20676447037691142,AOI-0044
2019-10-10,0.1887001780558057,AOI-0044
2020-04-17,0.16910748846999651,AOI-0044
2020-04-22,0.22013090473556163,AOI-0044
2020-05-17,0.19803487182031632,AOI-0044
2020-06-30,0.2079784056537312,AOI-0044
2020-08-10,0.13502460172423797,AOI-0044
2020-09-09,0.1441886906775469,AOI-0044
2020-09-10,0.14471532689044384,AOI-0044
2020-09-26,0.1367888862961894,AOI-0044
2020-09-29,0.15571131362481677,AOI-0044
2020-10-14,0.14494028342571744,AOI-0044
2020-10-21,0.16413640649469396,AOI-0044
2021-05-12,0.7094976435326368,AOI-0044
2021-05-17,0.7280484529339071,AOI-0044
2021-05-25,0.6961397195908774,AOI-0044
2021-07-16,0.221123841561809,AOI-0044
2021-07-21,0.14685549861967634,AOI-0044
2021-09-30,0.21104609392452356,AOI-0044
2021-10-07,0.1636833677814741,AOI-0044
2022-05-27,0.7185951804006865,AOI-0044
2022-06-06,0.7230156915041689,AOI-0044
2022-06-12,0.69127035448809,AOI-0044
2022-07-07,0.212895031775469,AOI-0044
2022-08-10,0.24962749190299957,AOI-0044
2022-08-13,0.3027753361947002,AOI-0044
2022-08-24,0.2680905400460571,AOI-0044
2022-09-25,0.19946727902273875,AOI-0044
2022-09-30,0.276061307769046,AOI-0044
2023-04-02,0.19593187844284238,AOI-0044
2023-04-07,0.28954338838700133,AOI-0044
2023-06-06,0.22146737333188699,AOI-0044
2023-06-30,0.2061397779145229,AOI-0044
2023-07-05,0.19399155486000008,AOI-0044
2023-07-09,0.20458916455216689,AOI-0044
2023-07-11,0.15420860261492453,AOI-0044
2023-07-16,0.18478889595202772,AOI-0044
2023-07-25,0.19168141686269047,AOI-0044
2023-08-05,0.1499557989518482,AOI-0044
2023-08-25,0.15601134376885273,AOI-0044
2023-09-30,0.24829941169470524,AOI-0044
2023-10-14,0.19921746109053132,AOI-0044
2024-04-06,0.7621752967311721,AOI-0044
2024-04-14,0.8318177259007298,AOI-0044
2024-06-05,0.5638543246229089,AOI-0044
2024-09-06,0.1635738043490481,AOI-0044
2024-09-21,0.16511682608815767,AOI-0044
2025-04-02,0.16890874586145316,AOI-0044
2025-05-20,0.2263219871682961,AOI-0044
2025-07-06,0.2035307273071404,AOI-0044
2025-07-10,0.15269265422315442,AOI-0044
2025-08-14,0.15769418556178272,AOI-0044
2025-09-23,0.16058831044574068,AOI-0044
2025-10-03,0.15413610422924548,AOI-0044
2025-10-15,0.160795719784733,AOI-0044
2025-04-26,0.2124128237056045,AOI-0045
2025-06-15,0.18410727671469293,AOI-0045
2025-06-27,0.17248643501273117,AOI-0045
2025-06-29,0.21697446050007663,AOI-0045
2025-07-31,0.19156083045472477,AOI-0045
2025-08-13,0.21147900581202372,AOI-0045
2025-08-15,0.19059818553477673,AOI-0045
2025-08-16,0.15333754299982322,AOI-0045
2025-09-30,0.22962051481384657,AOI-0045
2025-10-15,0.16147374855811847,AOI-0045
2010-06-26,0.275225570017751,AOI-0046
2010-07-12,0.3209278318921526,AOI-0046
2010-09-14,0.3703813703199925,AOI-0046
2011-05-30,0.26712489677524826,AOI-0046
2011-08-17,0.18030112815108534,AOI-0046
2012-04-22,0.3819645838761147,AOI-0046
2012-04-29,0.290469651107837,AOI-0046
2012-06-09,0.5193834638056483,AOI-0046
2013-04-25,0.24168942765407947,AOI-0046
2013-05-09,0.41212900476699554,AOI-0046
2013-06-11,0.5685780619854055,AOI-0046
2013-06-27,0.36028166849610993,AOI-0046
2013-07-21,0.29216151875604995,AOI-0046
2013-07-28,0.3664915423364066,AOI-0046
2013-07-30,0.2807399701088032,AOI-0046
2014-05-25,0.7367550229529839,AOI-0046
2014-05-29,0.7611729782207146,AOI-0046
2014-07-01,0.3243865202087004,AOI-0046
2014-07-12,0.32684304680798804,AOI-0046
2014-08-01,0.20089185010317287,AOI-0046
2014-08-25,0.160414945277482,AOI-0046
2014-09-19,0.15121779178708222,AOI-0046
2015-05-17,0.23532476737236618,AOI-0046
2015-07-12,0.3508080263857203,AOI-0046
2015-09-22,0.209778899403873,AOI-0046
2015-10-16,0.28329309818912124,AOI-0046
2016-05-02,0.8597479912871312,AOI-0046
2016-05-10,0.8489727533345149,AOI-0046
2016-05-18,0.8396331820947254,AOI-0046
2016-06-03,0.6864606948794175,AOI-0046
2016-06-09,0.5878545976204564,AOI-0046
2016-07-13,0.18956436713940195,AOI-0046
2016-07-30,0.2632710196936185,AOI-0046
2016-10-02,0.24465782547973194,AOI-0046
2016-10-17,0.3127176884856415,AOI-0046
2016-10-25,0.32953600911509684,AOI-0046
2017-04-13,0.3919596733518514,AOI-0046
2017-06-27,0.4308583121639283,AOI-0046
2017-07-02,0.3411398273705135,AOI-0046
2017-07-24,0.201041697777275,AOI-0046
2017-08-09,0.15072987770048754,AOI-0046
2017-08-21,0.13899252503805173,AOI-0046
2017-09-10,0.22368787114716193,AOI-0046
2017-09-15,0.2892936709300884,AOI-0046
2017-10-12,0.3085300029603549,AOI-0046
2018-05-09,0.34819548127065003,AOI-0046
2018-06-01,0.2210727303032461,AOI-0046
2018-07-20,0.18934988346872986,AOI-0046
2018-08-20,0.16966202732976932,AOI-0046
2018-08-29,0.18678380015168924,AOI-0046
2018-10-15,0.18752498236821777,AOI-0046
2018-10-24,0.1853020356299996,AOI-0046
2019-04-01,0.21425298213082777,AOI-0046
2019-04-18,0.33746383750757225,AOI-0046
2019-05-19,0.7796444872069883,AOI-0046
2019-08-01,0.24791409936066663,AOI-0046
2019-09-01,0.1998146169782075,AOI-0046
2019-10-20,0.3789283653420043,AOI-0046
2020-04-04,0.8246428290848663,AOI-0046
2020-04-07,0.8106023128824491,AOI-0046
2020-05-08,0.8165736450333281,AOI-0046
2020-05-24,0.8200754754037759,AOI-0046
2020-06-09,0.6936703648712379,AOI-0046
2020-09-10,0.14631390411291184,AOI-0046
2020-09-13,0.20004724465179285,AOI-0046
2020-09-26,0.1374687132654123,AOI-0046
2020-10-21,0.15459413614057232,AOI-0046
2021-05-02,0.5482627452332366,AOI-0046
2021-05-25,0.7396167708207649,AOI-0046
2021-07-11,0.30399892621267915,AOI-0046
2021-07-28,0.293423906953154,AOI-0046
2021-08-13,0.35194947208992405,AOI-0046
2021-08-20,0.2270260309616162,AOI-0046
2021-08-29,0.4081682250009389,AOI-0046
2021-09-06,0.507238930567163,AOI-0046
2022-06-05,0.2607631004046895,AOI-0046
2022-07-24,0.1897962435290116,AOI-0046
2022-07-29,0.17346770950183993,AOI-0046
2022-07-30,0.22444081012656236,AOI-0046
2022-08-24,0.22200290740071674,AOI-0046
2022-08-30,0.15755299790627145,AOI-0046
2023-04-02,0.5654759403002619,AOI-0046
2023-04-29,0.7984167369689211,AOI-0046
2023-05-06,0.8788820468257061,AOI-0046
2023-06-21,0.6313136851456199,AOI-0046
2023-06-24,0.5086047002260907,AOI-0046
2023-07-22,0.24235239209202633,AOI-0046
2023-07-25,0.2498982557508528,AOI-0046
2023-08-13,0.19367887253033267,AOI-0046
2023-08-18,0.17077085699176112,AOI-0046
2023-08-25,0.1660073176590684,AOI-0046
2023-08-27,0.1857330431838227,AOI-0046
2023-08-28,0.15741658320202145,AOI-0046
2023-10-13,0.2009240814992057,AOI-0046
2023-10-29,0.3651048011380222,AOI-0046
2024-04-06,0.6985923266475197,AOI-0046
2024-05-08,0.850564319913053,AOI-0046
2024-05-09,0.8589045951178232,AOI-0046
2024-06-01,0.7739576663228929,AOI-0046
2024-06-09,0.4986979863143628,AOI-0046
2024-07-03,0.21124840094749767,AOI-0046
2024-07-19,0.18048341042585464,AOI-0046
2024-08-09,0.1517305527031569,AOI-0046
2024-08-20,0.18552077951311258,AOI-0046
2024-08-28,0.20006408219876018,AOI-0046
2024-09-13,0.16556231339230218,AOI-0046
2024-09-22,0.19339099441563096,AOI-0046
2024-10-13,0.1298056385868843,AOI-0046
2025-06-30,0.6728687367644242,AOI-0046
2025-07-15,0.4484170569878702,AOI-0046
2025-08-07,0.42449114566444324,AOI-0046
2025-08-15,0.4222422086622843,AOI-0046
2025-09-24,0.21232648426864587,AOI-0046
2025-10-02,0.19964172204948627,AOI-0046
2025-05-08,0.7912140117645572,AOI-0047
2025-05-16,0.7905181462755313,AOI-0047
2025-05-25,0.7229193100601488,AOI-0047
2025-06-15,0.3847852555337349,AOI-0047
2025-07-17,0.16634012453104155,AOI-0047
2025-07-18,0.16604925260385658,AOI-0047
2025-09-03,0.14089981251310532,AOI-0047
2025-10-15,0.16225214317462094,AOI-0047
2025-10-16,0.22672659211970936,AOI-0047
2025-04-07,0.6777172083204398,AOI-0048
2025-04-17,0.6953561124949451,AOI-0048
2025-05-09,0.7404950123917949,AOI-0048
2025-09-17,0.182968238585435,AOI-0048
2025-09-24,0.19649532364811664,AOI-0048
2025-05-04,0.8022967679392559,AOI-0049
2025-06-26,0.34245923060340555,AOI-0049
2025-06-27,0.20601512911595607,AOI-0049
2025-07-29,0.23347585806609533,AOI-0049
2025-08-06,0.18803709291274054,AOI-0049
2025-08-12,0.20725960155112524,AOI-0049
2025-08-17,0.1785685494271177,AOI-0049
2025-09-06,0.1394857508212224,AOI-0049
2025-09-14,0.24474089365963136,AOI-0049
2025-09-26,0.17459173572073888,AOI-0049
2025-09-30,0.28860686281733244,AOI-0049
2025-10-08,0.18312344301757205,AOI-0049
2025-10-16,0.23836256944775275,AOI-0049
2025-10-28,0.23126713603050236,AOI-0049
2025-04-14,0.31912054542629165,AOI-0050
2025-04-15,0.3577600075064644,AOI-0050
2025-05-25,0.6102595098188954,AOI-0050
2025-06-27,0.5307247470206001,AOI-0050
2025-08-07,0.3049293137234958,AOI-0050
2025-08-09,0.3006843885941776,AOI-0050
2025-08-13,0.4101322367753876,AOI-0050
2025-08-17,0.3324421826788805,AOI-0050
2025-09-07,0.33566225809208605,AOI-0050
2025-09-30,0.4014996504342541,AOI-0050
2025-10-17,0.3720695296925909,AOI-0050
2025-10-28,0.3577276554735409,AOI-0050
2010-06-09,0.7004313997119715,AOI-0051
2011-06-04,0.5005012620004509,AOI-0051
2011-06-05,0.5200677310029734,AOI-0051
2011-06-12,0.6746360324770131,AOI-0051
2011-06-13,0.6784717404918164,AOI-0051
2011-09-01,0.5541139677114615,AOI-0051
2011-10-11,0.3905124207940031,AOI-0051
2012-04-27,0.5022755932834037,AOI-0051
2012-05-22,0.6151432079923961,AOI-0051
2012-08-12,0.4542290752511578,AOI-0051
2012-08-26,0.3931021442890631,AOI-0051
2012-08-28,0.4558430216362776,AOI-0051
2012-09-18,0.3196678023142565,AOI-0051
2012-10-13,0.3966507188469336,AOI-0051
2013-05-01,0.7457903506219831,AOI-0051
2013-07-19,0.400096731759256,AOI-0051
2013-07-28,0.5194366016408936,AOI-0051
2013-08-29,0.43460435595074887,AOI-0051
2013-10-07,0.47820616474881783,AOI-0051
2013-10-16,0.5034714560513363,AOI-0051
2014-04-18,0.7643763190052917,AOI-0051
2014-06-05,0.7051676397115472,AOI-0051
2014-06-10,0.585863427009925,AOI-0051
2014-06-28,0.5112146626260393,AOI-0051
2014-09-08,0.3678858206327907,AOI-0051
2014-09-16,0.3656024622229071,AOI-0051
2015-04-07,0.34143308943933626,AOI-0051
2015-05-23,0.7365393609413994,AOI-0051
2015-06-10,0.7674850830011174,AOI-0051
2015-06-15,0.7553215724221066,AOI-0051
2015-06-26,0.6920209918116895,AOI-0051
2015-09-14,0.38930105709306945,AOI-0051
2015-09-20,0.30938546918750365,AOI-0051
2015-10-06,0.25393029040702947,AOI-0051
2016-04-06,0.7564204988244065,AOI-0051
2016-06-25,0.5008348494579241,AOI-0051
2016-07-12,0.3792987550367514,AOI-0051
2016-08-28,0.404230309096587,AOI-0051
2016-09-14,0.4047980750235572,AOI-0051
2016-09-29,0.44065601921513786,AOI-0051
2016-10-24,0.33254470021143645,AOI-0051
2017-05-28,0.5528368100843609,AOI-0051
2017-06-21,0.653504340616318,AOI-0051
2017-06-28,0.6496575233335932,AOI-0051
2017-07-06,0.6370184725583755,AOI-0051
2017-07-23,0.7008632820795069,AOI-0051
2017-09-25,0.3253928358527267,AOI-0051
2017-09-30,0.3661480292155904,AOI-0051
2017-10-16,0.2890639144790596,AOI-0051
2018-04-11,0.4191000377622164,AOI-0051
2018-04-28,0.6478462054869525,AOI-0051
2018-04-29,0.6933791119183977,AOI-0051
2018-05-30,0.747064189285005,AOI-0051
2018-06-26,0.3873519298543313,AOI-0051
2018-07-02,0.26181368765100094,AOI-0051
2018-08-02,0.3260057968743041,AOI-0051
2018-08-18,0.31979300535909577,AOI-0051
2018-09-14,0.3729561467287977,AOI-0051
2018-09-19,0.2994454256813326,AOI-0051
2018-10-14,0.2413587448518285,AOI-0051
2019-05-17,0.8028112845784751,AOI-0051
2019-05-31,0.7310906916456585,AOI-0051
2019-06-25,0.2765619111042973,AOI-0051
2019-06-30,0.24656204176755528,AOI-0051
2019-07-29,0.36545689770340356,AOI-0051
2019-08-05,0.3882136840526144,AOI-0051
2019-08-13,0.37316723353863834,AOI-0051
2019-08-22,0.2952159594840118,AOI-0051
2019-09-13,0.27657034738360725,AOI-0051
2019-10-16,0.3483038608315149,AOI-0051
2020-04-26,0.39388007346939435,AOI-0051
2020-06-09,0.7533541311186533,AOI-0051
2020-07-04,0.5176285047262245,AOI-0051
2020-07-27,0.4136924650312938,AOI-0051
2020-08-31,0.32786279215479347,AOI-0051
2020-09-07,0.2539110094803378,AOI-0051
2020-10-27,0.16431914124927807,AOI-0051
2021-05-06,0.7664734041620465,AOI-0051
2021-06-23,0.5127783956158615,AOI-0051
2021-07-19,0.2809674788592211,AOI-0051
2021-07-28,0.38982438332608166,AOI-0051
2021-08-23,0.3597030594454794,AOI-0051
2021-08-28,0.38730040346911265,AOI-0051
2021-08-29,0.4589121422102812,AOI-0051
2021-09-03,0.4147755144525127,AOI-0051
2021-09-07,0.36874678602330757,AOI-0051
2021-10-02,0.3371659206658688,AOI-0051
2021-10-21,0.2932903362445305,AOI-0051
2022-05-09,0.47109056064037386,AOI-0051
2022-05-26,0.4684326411620306,AOI-0051
2022-05-27,0.4203787136822734,AOI-0051
2022-06-11,0.6472802271101665,AOI-0051
2022-06-19,0.7325342067817557,AOI-0051
2022-06-30,0.7603329295607404,AOI-0051
2022-07-09,0.7885161982605963,AOI-0051
2022-07-12,0.7406215841920973,AOI-0051
2022-07-22,0.6857447398083433,AOI-0051
2022-07-24,0.7280889197229126,AOI-0051
2022-07-29,0.7509292916819639,AOI-0051
2022-08-13,0.6818585582657548,AOI-0051
2022-08-28,0.5228999044454408,AOI-0051
2022-09-06,0.4715545423815737,AOI-0051
2022-09-14,0.49930825068067813,AOI-0051
2022-10-07,0.3775282076922641,AOI-0051
2022-10-15,0.31437938929643994,AOI-0051
2023-04-23,0.8263766790003739,AOI-0051
2023-07-31,0.3434133576479896,AOI-0051
2023-08-28,0.37952520699122216,AOI-0051
2023-09-09,0.3889108222239117,AOI-0051
2023-09-27,0.3896252022036387,AOI-0051
2023-10-04,0.33327067291441714,AOI-0051
2024-04-05,0.32153209488606965,AOI-0051
2024-05-04,0.4123135819992173,AOI-0051
2024-05-22,0.5028528962448058,AOI-0051
2024-06-03,0.5612676392954791,AOI-0051
2024-06-23,0.5012618373065018,AOI-0051
2024-07-28,0.32724578375730023,AOI-0051
2024-08-27,0.2822981782912068,AOI-0051
2024-09-03,0.24560728561653436,AOI-0051
2024-10-01,0.2432004700978736,AOI-0051
2024-10-05,0.2566660810641549,AOI-0051
2024-10-06,0.23936704932112868,AOI-0051
2024-10-15,0.3203604593040734,AOI-0051
2025-05-09,0.8271326677046035,AOI-0051
2025-06-10,0.48891876657302524,AOI-0051
2025-06-27,0.3795639093029387,AOI-0051
2025-07-05,0.31076127382806884,AOI-0051
2025-07-10,0.21088223805231476,AOI-0051
2025-08-05,0.18970220113630815,AOI-0051
2025-08-12,0.21985352603932024,AOI-0051
2025-09-15,0.2372130026871326,AOI-0051
2025-09-16,0.22790977237970952,AOI-0051
2025-04-19,0.19860203664493215,AOI-0052
2025-06-08,0.3110797549320581,AOI-0052
2025-06-11,0.43987842300165103,AOI-0052
2025-07-05,0.701061006573246,AOI-0052
2025-07-18,0.35354558068351793,AOI-0052
2025-08-22,0.13972289375341615,AOI-0052
2025-08-27,0.15197136131352573,AOI-0052
2025-09-06,0.14007616307245677,AOI-0052
2025-09-14,0.23686992843469903,AOI-0052
2025-10-17,0.2614232760327362,AOI-0052
2025-04-11,0.7452173446353071,AOI-0053
2025-04-14,0.7809023253275175,AOI-0053
2025-04-16,0.7580255677363914,AOI-0053
2025-04-19,0.8177132391211517,AOI-0053
2025-04-23,0.8219357381322941,AOI-0053
2025-06-26,0.3807903319921691,AOI-0053
2025-07-28,0.14681749484282433,AOI-0053
2025-08-02,0.1424117717998557,AOI-0053
2025-08-09,0.1485256756051652,AOI-0053
2025-08-12,0.15301097964642904,AOI-0053
2025-08-29,0.15544354381432302,AOI-0053
2025-09-01,0.1398285582180267,AOI-0053
2025-09-07,0.1908551491289285,AOI-0053
2025-09-11,0.1507184547196486,AOI-0053
2025-09-14,0.23024859042697016,AOI-0053
2025-09-15,0.1581382604375851,AOI-0053
2025-09-21,0.14097463828524512,AOI-0053
2025-09-26,0.17138712345392643,AOI-0053
2025-10-28,0.24001445055139903,AOI-0053
2025-04-11,0.5842607254626614,AOI-0054
2025-04-19,0.6538524170796655,AOI-0054
2025-05-04,0.7773970467556922,AOI-0054
2025-06-03,0.7776508778661326,AOI-0054
2025-07-28,0.7256216198769389,AOI-0054
2025-08-12,0.7220249661140036,AOI-0054
2025-09-21,0.6780711907859185,AOI-0054
2025-09-30,0.6376105692536151,AOI-0054
2025-10-16,0.6214393196136407,AOI-0054
2025-04-01,0.3670967557935234,AOI-0055
2025-04-11,0.38298353459266243,AOI-0055
2025-05-09,0.5280731696588448,AOI-0055
2025-07-04,0.54087408562536,AOI-0055
2025-07-05,0.5073101236422667,AOI-0055
2025-07-08,0.49455639269128593,AOI-0055
2025-07-23,0.43294516376316555,AOI-0055
2025-08-17,0.38321683716792226,AOI-0055
2025-09-14,0.4071573356272003,AOI-0055
2025-09-22,0.40336248141584663,AOI-0055
2025-04-23,0.7929894202522534,AOI-0056
2025-05-24,0.7733784272657817,AOI-0056
2025-06-10,0.46154369110752824,AOI-0056
2025-06-19,0.3842834578679331,AOI-0056
2025-07-18,0.16938575281634774,AOI-0056
2025-07-23,0.18238101169402196,AOI-0056
2025-08-09,0.17908287092709968,AOI-0056
2025-09-06,0.18121944046259653,AOI-0056
2025-09-08,0.17975852029242087,AOI-0056
2025-10-16,0.24517720683136957,AOI-0056
2025-05-04,0.7963027732162097,AOI-0057
2025-05-09,0.7822237227261543,AOI-0057
2025-05-19,0.5216978501178857,AOI-0057
2025-06-26,0.38007284599023294,AOI-0057
2025-06-27,0.23417873321637803,AOI-0057
2025-07-10,0.1905151850521935,AOI-0057
2025-07-13,0.19651623559840564,AOI-0057
2025-07-18,0.1918784337571342,AOI-0057
2025-08-05,0.17271269461511168,AOI-0057
2025-08-27,0.15209032155273852,AOI-0057
2025-09-01,0.13667199790944773,AOI-0057
2025-09-21,0.1618321760127609,AOI-0057
2010-04-23,0.32519169201434966,AOI-0058
2010-08-13,0.40376056847242064,AOI-0058
2010-08-29,0.34922860558663454,AOI-0058
2010-09-05,0.3261915141058549,AOI-0058
2011-04-02,0.28236879253671177,AOI-0058
2011-04-26,0.5011326772604014,AOI-0058
2011-06-12,0.7311313985553315,AOI-0058
2011-07-15,0.5057647155441425,AOI-0058
2011-08-29,0.4194191531976722,AOI-0058
2011-09-01,0.31138711703736577,AOI-0058
2011-10-02,0.3432024333716333,AOI-0058
2011-10-27,0.40344385408736094,AOI-0058
2012-04-22,0.5638584015253254,AOI-0058
2012-06-09,0.6475029400375695,AOI-0058
2012-06-23,0.6400701332538824,AOI-0058
2012-07-11,0.5681493542662949,AOI-0058
2012-08-12,0.4578830950946151,AOI-0058
2012-09-11,0.3734076074921795,AOI-0058
2013-04-07,0.42668463875420504,AOI-0058
2013-04-23,0.4344685074798122,AOI-0058
2013-05-09,0.42728179319117204,AOI-0058
2013-06-09,0.5348544188214884,AOI-0058
2013-06-10,0.6271310415420082,AOI-0058
2013-07-11,0.6876917214742684,AOI-0058
2013-07-19,0.6832009458152816,AOI-0058
2013-08-28,0.23900808614828278,AOI-0058
2013-10-16,0.36965778616435296,AOI-0058
2013-10-24,0.36662779793512595,AOI-0058
2014-04-25,0.8254399105663814,AOI-0058
2014-06-05,0.7661948253737547,AOI-0058
2014-06-10,0.6915771287132653,AOI-0058
2014-09-14,0.37620354413358414,AOI-0058
2015-04-28,0.46429858880772457,AOI-0058
2015-05-09,0.630103764061827,AOI-0058
2015-09-03,0.4859347934152005,AOI-0058
2015-09-27,0.46600754308173625,AOI-0058
2016-04-06,0.784387096916815,AOI-0058
2016-04-30,0.8526748123107685,AOI-0058
2016-06-09,0.7971040997918737,AOI-0058
2016-07-27,0.531575575646418,AOI-0058
2016-07-28,0.4847978478764572,AOI-0058
2016-08-13,0.51357078661815,AOI-0058
2017-04-25,0.8070316429276373,AOI-0058
2017-07-15,0.24300640316344763,AOI-0058
2017-09-13,0.23452128817656645,AOI-0058
2017-09-16,0.24762270940059936,AOI-0058
2018-05-15,0.65896852068883,AOI-0058
2018-07-26,0.4871841167779387,AOI-0058
2018-08-02,0.5066114750406415,AOI-0058
2019-04-23,0.8347475083254741,AOI-0058
2019-05-25,0.8347420858185013,AOI-0058
2019-06-25,0.2863794057096154,AOI-0058
2019-06-27,0.28751526638053104,AOI-0058
2019-07-04,0.28304447304354213,AOI-0058
2019-08-30,0.22519767678233743,AOI-0058
2019-09-28,0.1432071598805933,AOI-0058
2019-09-30,0.26081946011428575,AOI-0058
2020-04-17,0.40986902881664333,AOI-0058
2020-05-04,0.4974873519005041,AOI-0058
2020-06-05,0.5951923495848527,AOI-0058
2020-06-29,0.5845960261458408,AOI-0058
2020-07-06,0.5348079445317618,AOI-0058
2020-07-22,0.44328872648960277,AOI-0058
2020-07-30,0.4019024685307083,AOI-0058
2020-08-07,0.3750356449213225,AOI-0058
2020-08-12,0.4231031487965017,AOI-0058
2020-08-23,0.3099909525673798,AOI-0058
2020-08-28,0.35924758102220933,AOI-0058
2020-09-24,0.28952745475930297,AOI-0058
2020-10-27,0.2185652800238734,AOI-0058
2021-04-15,0.602232061255814,AOI-0058
2021-05-09,0.6619467414597883,AOI-0058
2021-05-31,0.7009981526403415,AOI-0058
2021-07-09,0.5719521046455396,AOI-0058
2021-07-14,0.48811016848629585,AOI-0058
2021-07-25,0.49694388096515124,AOI-0058
2021-08-13,0.38830683221797424,AOI-0058
2021-08-28,0.3488252060567257,AOI-0058
2021-09-27,0.5232701199150427,AOI-0058
2022-06-10,0.8074962127377625,AOI-0058
2022-06-18,0.7903930833463666,AOI-0058
2022-07-04,0.27841968787764315,AOI-0058
2022-07-12,0.2747242756766185,AOI-0058
2022-07-17,0.2249285763594844,AOI-0058
2022-07-29,0.16150824364176639,AOI-0058
2022-09-14,0.3053013923838953,AOI-0058
2023-05-09,0.6303439649792264,AOI-0058
2023-05-20,0.5970122746463036,AOI-0058
2023-06-28,0.7620785367855343,AOI-0058
2023-08-17,0.5292465823458348,AOI-0058
2023-09-02,0.43559716622427075,AOI-0058
2023-09-10,0.48466494478699873,AOI-0058
2023-09-27,0.5035675446108194,AOI-0058
2023-10-12,0.46083230389704266,AOI-0058
2024-04-09,0.7592456308459198,AOI-0058
2024-05-09,0.7680959523410086,AOI-0058
2024-06-03,0.670125086793916,AOI-0058
2024-06-23,0.36402504930245055,AOI-0058
2024-06-28,0.3543548573814056,AOI-0058
2024-07-09,0.36869913957262,AOI-0058
2024-07-26,0.24792638440377865,AOI-0058
2024-07-27,0.29940865971779007,AOI-0058
2024-08-18,0.2734789320636466,AOI-0058
2024-08-27,0.2067521150018135,AOI-0058
2024-08-28,0.3020011431191398,AOI-0058
2024-09-21,0.21750011755740567,AOI-0058
2024-09-28,0.22581881048290106,AOI-0058
2024-10-01,0.21459159630041347,AOI-0058
2024-10-30,0.2606517991030164,AOI-0058
2025-04-07,0.5421491807695578,AOI-0058
2025-04-16,0.48436805933485894,AOI-0058
2025-04-24,0.5717506451451446,AOI-0058
2025-07-18,0.3298026450076187,AOI-0058
2025-07-28,0.2726906601174264,AOI-0058
2025-08-02,0.2585512420440913,AOI-0058
2025-08-06,0.2729461898085519,AOI-0058
2025-08-09,0.2193749705601257,AOI-0058
2025-08-12,0.22705446290140674,AOI-0058
2025-08-14,0.20683186431274447,AOI-0058
2025-09-14,0.28161312630673907,AOI-0058
2025-09-22,0.22882542626233976,AOI-0058
2010-06-26,0.7668311977807163,AOI-0059
2010-07-19,0.6841092785439198,AOI-0059
2010-08-28,0.2885147016714524,AOI-0059
2011-04-23,0.7090145106314204,AOI-0059
2011-05-27,0.7445550314120802,AOI-0059
2011-05-28,0.7201723206636242,AOI-0059
2011-06-12,0.6928914818760827,AOI-0059
2011-06-26,0.7507398601354804,AOI-0059
2011-07-07,0.7862844007028131,AOI-0059
2011-07-28,0.49313351525900506,AOI-0059
2011-08-08,0.500380236678889,AOI-0059
2011-08-23,0.4844007283991255,AOI-0059
2012-04-04,0.528608061520188,AOI-0059
2012-08-12,0.40286872764357107,AOI-0059
2012-08-26,0.3178701361174587,AOI-0059
2012-09-11,0.2939309624507374,AOI-0059
2012-10-13,0.3632006329352965,AOI-0059
2013-05-09,0.8719390058081036,AOI-0059
2013-06-18,0.32459837159980176,AOI-0059
2013-07-20,0.20657918091443953,AOI-0059
2013-08-13,0.3113106836398039,AOI-0059
2013-08-21,0.23014547834627627,AOI-0059
2013-10-16,0.36533787907932386,AOI-0059
2014-05-09,0.870788531489804,AOI-0059
2014-10-27,0.2457970235795217,AOI-0059
2015-04-13,0.36115785459661426,AOI-0059
2015-05-22,0.566188221397142,AOI-0059
2015-06-07,0.7509349412416532,AOI-0059
2015-08-02,0.7724102047817099,AOI-0059
2015-08-10,0.7066692606931444,AOI-0059
2015-08-29,0.5415791669531341,AOI-0059
2015-09-27,0.4644129900722601,AOI-0059
2015-09-30,0.3847594710855299,AOI-0059
2016-05-25,0.8867377072847117,AOI-0059
2016-07-04,0.36646196931851716,AOI-0059
2016-09-14,0.24697220372472148,AOI-0059
2016-10-24,0.2562860001539067,AOI-0059
2017-04-02,0.5772707936227038,AOI-0059
2017-05-06,0.878755793942936,AOI-0059
2017-05-27,0.8860324167978479,AOI-0059
2017-06-04,0.8771451345505468,AOI-0059
2017-06-10,0.8109906220277581,AOI-0059
2017-07-12,0.3198072191975329,AOI-0059
2017-07-23,0.226938819421837,AOI-0059
2017-07-28,0.3372082577198354,AOI-0059
2017-08-13,0.2679937071190853,AOI-0059
2017-08-29,0.23812203553711542,AOI-0059
2017-09-24,0.23407840203475244,AOI-0059
2018-04-07,0.32359215718536477,AOI-0059
2018-05-22,0.36194021150352323,AOI-0059
2018-05-31,0.3774267492971845,AOI-0059
2018-07-09,0.6273314668592185,AOI-0059
2018-07-18,0.4843265257560163,AOI-0059
2018-07-26,0.4396171458554168,AOI-0059
2018-08-02,0.390510736075525,AOI-0059
2018-08-10,0.36581467115432337,AOI-0059
2018-08-13,0.3753336225517761,AOI-0059
2018-10-06,0.23820976457292076,AOI-0059
2019-04-11,0.6524684517307794,AOI-0059
2019-04-21,0.7607776089071827,AOI-0059
2019-04-23,0.7875961535255255,AOI-0059
2019-05-21,0.8739343266771824,AOI-0059
2019-06-02,0.8076400113220217,AOI-0059
2019-06-05,0.7976218920652696,AOI-0059
2019-06-10,0.758788988595921,AOI-0059
2019-06-15,0.5976780002995785,AOI-0059
2019-06-30,0.20968618722971122,AOI-0059
2019-07-29,0.2851846155598857,AOI-0059
2019-08-21,0.20096785818626825,AOI-0059
2019-08-24,0.16236528826892607,AOI-0059
2019-09-03,0.17907787171286813,AOI-0059
2019-10-13,0.23003084978942434,AOI-0059
2019-10-24,0.23458459959264993,AOI-0059
2020-04-09,0.23989312359016404,AOI-0059
2020-04-18,0.2439839255489316,AOI-0059
2020-04-25,0.20293091760296406,AOI-0059
2020-05-08,0.4959489727960418,AOI-0059
2020-05-12,0.24994069297933663,AOI-0059
2020-06-05,0.6639398201144544,AOI-0059
2020-07-11,0.7218083864981208,AOI-0059
2020-07-30,0.6873819891708433,AOI-0059
2020-10-26,0.1492696534630534,AOI-0059
2021-06-19,0.694021629606801,AOI-0059
2021-06-23,0.6393305229398178,AOI-0059
2021-06-29,0.3913028403254769,AOI-0059
2021-07-28,0.3115022679690058,AOI-0059
2021-07-29,0.19232635117571956,AOI-0059
2021-08-18,0.43947544349899703,AOI-0059
2021-08-28,0.6408645883098201,AOI-0059
2021-09-07,0.7000916481970432,AOI-0059
2021-09-17,0.7633784065007869,AOI-0059
2021-09-28,0.3305626509512499,AOI-0059
2021-09-30,0.3320829948135426,AOI-0059
2021-10-16,0.2799523048775439,AOI-0059
2022-04-15,0.2230585147451735,AOI-0059
2022-06-10,0.7701018364553153,AOI-0059
2022-06-11,0.8026825042165344,AOI-0059
2022-07-20,0.8017219579604044,AOI-0059
2022-08-18,0.7205278612088843,AOI-0059
2022-09-27,0.39185673254974646,AOI-0059
2022-10-08,0.43650130958992245,AOI-0059
2023-05-13,0.8720610864717853,AOI-0059
2023-05-25,0.8281251973960105,AOI-0059
2023-06-18,0.817032248424751,AOI-0059
2023-07-16,0.23784468168767242,AOI-0059
2023-07-29,0.18429200568909174,AOI-0059
2023-09-30,0.25912768617772486,AOI-0059
2023-10-12,0.2199338637810233,AOI-0059
2023-10-16,0.2796970459700081,AOI-0059
2024-04-04,0.3436058248086203,AOI-0059
2024-04-13,0.28773632003891764,AOI-0059
2024-04-22,0.41560765979877096,AOI-0059
2024-05-19,0.2563924610996173,AOI-0059
2024-06-09,0.6009617497270736,AOI-0059
2024-07-13,0.33970762715860875,AOI-0059
2024-07-17,0.37616258395537877,AOI-0059
2024-07-27,0.26225102163271863,AOI-0059
2024-09-11,0.17984912665807393,AOI-0059
2025-04-01,0.5952042371256789,AOI-0059
2025-04-23,0.837344135038191,AOI-0059
2025-05-01,0.8588111140704735,AOI-0059
2025-05-09,0.8185855125691254,AOI-0059
2025-05-17,0.7829635963783524,AOI-0059
2025-06-10,0.39002131980206306,AOI-0059
2025-08-29,0.15148798475444705,AOI-0059
2025-09-07,0.20630604352186727,AOI-0059
2025-10-08,0.1793853972047265,AOI-0059
2025-10-28,0.23034170067057708,AOI-0059
2025-04-14,0.7730853332422332,AOI-0060
2025-04-29,0.7932736756716399,AOI-0060
2025-06-03,0.4590478929389349,AOI-0060
2025-07-04,0.5950305356892829,AOI-0060
2025-07-05,0.5536854063248455,AOI-0060
2025-07-21,0.32903324199961137,AOI-0060
2025-08-05,0.2212841473606636,AOI-0060
2025-08-29,0.19841634386727597,AOI-0060
2025-08-30,0.2155382962300718,AOI-0060
2025-09-01,0.17144613040414278,AOI-0060
2025-09-11,0.19529565442561891,AOI-0060
2010-04-23,0.3622188842882921,AOI-0061
2010-05-26,0.6691986762513634,AOI-0061
2010-06-11,0.7325989743020557,AOI-0061
2011-06-30,0.4925357502998668,AOI-0061
2011-07-28,0.5070207376760738,AOI-0061
2011-09-18,0.3034197277383275,AOI-0061
2011-09-26,0.34898925225564154,AOI-0061
2012-04-06,0.34160456954389057,AOI-0061
2012-05-24,0.6890258709592934,AOI-0061
2012-08-28,0.46745726411428934,AOI-0061
2012-09-04,0.4231850649174505,AOI-0061
2012-10-22,0.1830813750551181,AOI-0061
2013-04-16,0.7024720289470869,AOI-0061
2013-06-10,0.6381077258755015,AOI-0061
2013-06-26,0.48627870056801586,AOI-0061
2013-08-29,0.29187707266487267,AOI-0061
2013-09-14,0.31139131128845443,AOI-0061
2013-10-09,0.17202931809154223,AOI-0061
2014-04-27,0.851882377758121,AOI-0061
2014-06-26,0.44050068210542903,AOI-0061
2014-07-28,0.3188960267641972,AOI-0061
2015-04-07,0.3581701898740636,AOI-0061
2015-05-08,0.27825060591985545,AOI-0061
2015-09-29,0.2437310896360805,AOI-0061
2016-04-22,0.7540563356983038,AOI-0061
2016-06-19,0.5897353599463618,AOI-0061
2016-06-27,0.4508059539777912,AOI-0061
2016-07-13,0.3729286741169248,AOI-0061
2017-04-03,0.19790022547143027,AOI-0061
2017-05-25,0.5108156931748925,AOI-0061
2017-07-02,0.8590477146600541,AOI-0061
2017-07-27,0.770777130285518,AOI-0061
2017-08-11,0.533674388201691,AOI-0061
2017-09-02,0.27678074516648443,AOI-0061
2018-04-07,0.734704169026009,AOI-0061
2018-06-10,0.6988971658543817,AOI-0061
2019-04-09,0.24483835744242707,AOI-0061
2019-05-13,0.2905055348778429,AOI-0061
2019-05-21,0.37404824729927694,AOI-0061
2019-05-25,0.7057314154605532,AOI-0061
2019-06-27,0.7636366514519917,AOI-0061
2019-07-12,0.7016414669686893,AOI-0061
2019-08-21,0.6664399400281054,AOI-0061
2019-09-14,0.2834019712944694,AOI-0061
2019-09-23,0.13453985973606114,AOI-0061
2019-10-18,0.27112958138994536,AOI-0061
2019-10-20,0.2593947019762828,AOI-0061
2020-04-17,0.31422391082614953,AOI-0061
2020-05-24,0.6856347585771745,AOI-0061
2020-07-16,0.295654459022905,AOI-0061
2020-07-19,0.2801136497961259,AOI-0061
2020-07-24,0.3007650329829506,AOI-0061
2020-07-27,0.3750529353932515,AOI-0061
2020-08-08,0.2310937961792281,AOI-0061
2020-08-17,0.27874313454366817,AOI-0061
2020-08-18,0.2526477110048803,AOI-0061
2020-08-23,0.20657847726878087,AOI-0061
2020-09-18,0.19443142539011876,AOI-0061
2020-10-17,0.14552145102306152,AOI-0061
2020-10-29,0.0679009384105597,AOI-0061
2021-05-05,0.8985672596249327,AOI-0061
2021-05-08,0.8968064245393967,AOI-0061
2021-05-15,0.9019727696356212,AOI-0061
2021-07-21,0.18483141729115488,AOI-0061
2021-07-24,0.18450432254373855,AOI-0061
2021-08-04,0.3244979494479515,AOI-0061
2021-08-28,0.3595103537186777,AOI-0061
2021-08-29,0.4165391203406365,AOI-0061
2021-10-29,0.1247152057914042,AOI-0061
2022-04-09,0.29500738129758763,AOI-0061
2022-05-09,0.38854220297356656,AOI-0061
2022-05-22,0.45637588213728236,AOI-0061
2022-05-25,0.5684455435654785,AOI-0061
2022-05-27,0.42896606858943437,AOI-0061
2022-06-12,0.8027981895873253,AOI-0061
2022-06-29,0.8506564524589657,AOI-0061
2022-07-06,0.8057767229459287,AOI-0061
2022-07-21,0.7840638024450111,AOI-0061
2022-07-22,0.8041924954225892,AOI-0061
2022-07-28,0.7687683761877404,AOI-0061
2022-08-23,0.4324617382004985,AOI-0061
2023-04-07,0.6265861787113959,AOI-0061
2023-04-25,0.7024250874970602,AOI-0061
2023-05-05,0.752362230091047,AOI-0061
2023-05-06,0.7407615392552498,AOI-0061
2023-05-17,0.736499426464012,AOI-0061
2023-06-06,0.817772261908537,AOI-0061
2023-06-21,0.767132596382055,AOI-0061
2023-07-17,0.4426267858499742,AOI-0061
2023-07-21,0.44324756060641013,AOI-0061
2023-07-27,0.4540937597756271,AOI-0061
2023-09-24,0.19331425656635948,AOI-0061
2023-10-14,0.16831633187134418,AOI-0061
2023-10-29,0.2138259335775692,AOI-0061
2024-04-29,0.44361276639848846,AOI-0061
2024-05-01,0.4964084913748764,AOI-0061
2024-05-08,0.5762995337807126,AOI-0061
2024-06-20,0.4950175555542046,AOI-0061
2024-07-15,0.4125296927018617,AOI-0061
2024-08-09,0.31297143046529585,AOI-0061
2024-08-12,0.3439369737483425,AOI-0061
2024-09-06,0.20310496157269434,AOI-0061
2024-09-26,0.173626726266034,AOI-0061
2024-10-07,0.22185173916053333,AOI-0061
2025-04-16,0.6694448325226802,AOI-0061
2025-04-19,0.7143291652476975,AOI-0061
2025-05-28,0.813709292625116,AOI-0061
2025-06-28,0.48059449634619356,AOI-0061
2025-07-07,0.405491409870095,AOI-0061
2025-07-10,0.2968915048545983,AOI-0061
2025-07-28,0.17953535183000005,AOI-0061
2025-08-16,0.18826812515392063,AOI-0061
2025-08-29,0.203524465651164,AOI-0061
2025-09-24,0.3063591090648971,AOI-0061
2025-09-26,0.28372857792687267,AOI-0061
2025-10-16,0.3405813068695866,AOI-0061
2010-04-24,0.8289378203506784,AOI-0062
2010-05-09,0.8029855656515016,AOI-0062
2010-05-26,0.8294530802352622,AOI-0062
2010-08-13,0.26704593696522255,AOI-0062
2010-10-16,0.29912943290695393,AOI-0062
2011-06-14,0.6818965746478949,AOI-0062
2011-07-28,0.5057015277676943,AOI-0062
2011-10-16,0.47277721172894516,AOI-0062
2012-06-09,0.6379847218584338,AOI-0062
2012-08-28,0.28022096412870706,AOI-0062
2012-09-04,0.18927527614930317,AOI-0062
2012-09-13,0.27252358338362515,AOI-0062
2013-04-23,0.3932027404406412,AOI-0062
2013-07-12,0.6916641232041189,AOI-0062
2013-07-28,0.6674353085142353,AOI-0062
2013-09-14,0.3432525276494938,AOI-0062
2013-10-16,0.2838601928091356,AOI-0062
2014-06-30,0.28972544302318043,AOI-0062
2014-10-04,0.4271569632899215,AOI-0062
2015-04-22,0.6801631601307511,AOI-0062
2015-05-09,0.698831863975918,AOI-0062
2015-09-05,0.19670765786104752,AOI-0062
2015-09-21,0.2226087608840286,AOI-0062
2016-05-08,0.8615724886400176,AOI-0062
2016-07-11,0.3518535535613343,AOI-0062
2016-07-27,0.39436207505130694,AOI-0062
2016-09-13,0.2676253523459221,AOI-0062
2016-10-25,0.2844419414584479,AOI-0062
2017-04-07,0.3246414679898436,AOI-0062
2017-07-28,0.6966767745659074,AOI-0062
2017-09-15,0.16350359298293027,AOI-0062
2018-04-06,0.6747945820185575,AOI-0062
2018-04-07,0.7407381750526303,AOI-0062
2018-06-02,0.8110716058394569,AOI-0062
2018-06-25,0.34590809637139575,AOI-0062
2018-07-28,0.3158090273582008,AOI-0062
2018-08-28,0.20370745402659807,AOI-0062
2019-04-08,0.18998586264818887,AOI-0062
2019-04-11,0.17518401143759235,AOI-0062
2019-06-17,0.7059053272213086,AOI-0062
2019-07-06,0.6831307680826386,AOI-0062
2019-08-09,0.7137382194470278,AOI-0062
2019-08-23,0.35761144668660677,AOI-0062
2019-09-23,0.11925345382334357,AOI-0062
2019-10-18,0.16080323372683505,AOI-0062
2019-10-23,0.218835308537545,AOI-0062
2019-10-28,0.15951201829068043,AOI-0062
2020-04-30,0.7802629924039585,AOI-0062
2020-05-30,0.7817110813573583,AOI-0062
2020-06-16,0.5321128136033897,AOI-0062
2020-07-26,0.17453288347957932,AOI-0062
2020-08-18,0.15697628637198946,AOI-0062
2020-08-20,0.15479643840686105,AOI-0062
2020-08-23,0.16647028813744802,AOI-0062
2020-08-25,0.190781812266054,AOI-0062
2020-09-07,0.13149779997688887,AOI-0062
2020-09-09,0.14719154640805748,AOI-0062
2020-10-07,0.16220015216330835,AOI-0062
2020-10-15,0.22079273254595555,AOI-0062
2021-04-23,0.2976238810615437,AOI-0062
2021-05-05,0.1912622604979051,AOI-0062
2021-05-08,0.2595201018933413,AOI-0062
2021-05-12,0.1983526438982603,AOI-0062
2021-06-06,0.3633075905835302,AOI-0062
2021-06-10,0.5853496223321001,AOI-0062
2021-07-01,0.7790260306935012,AOI-0062
2021-07-26,0.752185234193531,AOI-0062
2021-07-29,0.7395404389362199,AOI-0062
2021-09-12,0.21092339260912193,AOI-0062
2021-09-13,0.2538311294321547,AOI-0062
2021-09-19,0.1454908163460216,AOI-0062
2021-09-27,0.17514126394441734,AOI-0062
2021-09-29,0.16152941073173258,AOI-0062
2021-10-07,0.16453776324212369,AOI-0062
2021-10-16,0.255141479478962,AOI-0062
2022-04-10,0.7112504481246036,AOI-0062
2022-04-27,0.8222882458567098,AOI-0062
2022-05-11,0.8712266374379356,AOI-0062
2022-05-25,0.806062256583588,AOI-0062
2022-07-21,0.21645971548737014,AOI-0062
2022-07-24,0.19466018151488237,AOI-0062
2022-08-23,0.17831068376978812,AOI-0062
2022-09-14,0.21252852726868,AOI-0062
2022-09-18,0.17524956000520336,AOI-0062
2022-09-30,0.2410935535313644,AOI-0062
2022-10-19,0.17214806575432734,AOI-0062
2023-05-17,0.31540946133534553,AOI-0062
2023-06-18,0.8640410737188771,AOI-0062
2023-06-24,0.848652916835239,AOI-0062
2023-07-14,0.8145747863971575,AOI-0062
2023-08-05,0.47044110252077875,AOI-0062
2023-08-25,0.1564358847992932,AOI-0062
2023-09-17,0.17751885861383473,AOI-0062
2023-10-12,0.17167360521191627,AOI-0062
2023-10-16,0.24434715531987197,AOI-0062
2024-04-22,0.8536713571207487,AOI-0062
2024-06-03,0.7559144530450703,AOI-0062
2024-06-08,0.6424933282351604,AOI-0062
2024-06-23,0.24439132517154993,AOI-0062
2024-07-30,0.12722798241753344,AOI-0062
2024-08-04,0.14948800533365128,AOI-0062
2024-08-12,0.15944505645387505,AOI-0062
2024-09-06,0.13682943197450953,AOI-0062
2024-10-26,0.13565008822114683,AOI-0062
2025-04-01,0.20813119295643,AOI-0062
2025-04-07,0.36614496790687556,AOI-0062
2025-04-11,0.22301499564997873,AOI-0062
2025-04-24,0.248511762962836,AOI-0062
2025-04-29,0.26188448675458464,AOI-0062
2025-05-28,0.4887488049712234,AOI-0062
2025-06-28,0.8316116756147347,AOI-0062
2025-07-06,0.8152645235557217,AOI-0062
2025-07-07,0.8050821849459562,AOI-0062
2025-07-15,0.5181464431568528,AOI-0062
2025-07-25,0.41826280088197365,AOI-0062
2025-08-02,0.28093035027330837,AOI-0062
2025-08-17,0.24748729002571834,AOI-0062
2025-09-24,0.19793429281600045,AOI-0062
2025-09-30,0.2923512698509457,AOI-0062
2025-10-08,0.17609984806278584,AOI-0062
2025-10-13,0.18192211359254887,AOI-0062
2025-04-14,0.24535698084693272,AOI-0063
2025-04-19,0.22905482477542322,AOI-0063
2025-04-23,0.3625060264806812,AOI-0063
2025-04-24,0.23033936226071292,AOI-0063
2025-05-06,0.23350407249457808,AOI-0063
2025-05-25,0.48489147475225025,AOI-0063
2025-06-05,0.7421376404319895,AOI-0063
2025-06-25,0.8006787282429082,AOI-0063
2025-06-28,0.8438893235660085,AOI-0063
2025-06-30,0.8399560198445163,AOI-0063
2025-07-06,0.7995197958045801,AOI-0063
2025-07-07,0.790958608430157,AOI-0063
2025-07-22,0.5025534197272519,AOI-0063
2025-08-23,0.39469596262797046,AOI-0063
2025-09-13,0.233455404263624,AOI-0063
2025-09-14,0.28232317990399924,AOI-0063
2025-04-14,0.4471670655961195,AOI-0064
2025-04-23,0.5645250836097356,AOI-0064
2025-04-24,0.44829800408297815,AOI-0064
2025-06-03,0.7626109026058318,AOI-0064
2025-06-05,0.7539945494137363,AOI-0064
2025-06-26,0.46566689406147405,AOI-0064
2025-06-27,0.41030606028045086,AOI-0064
2025-06-28,0.3696752095583775,AOI-0064
2025-07-10,0.213737186910733,AOI-0064
2025-08-12,0.1570059576885915,AOI-0064
2025-08-19,0.155769579292179,AOI-0064
2025-08-27,0.16215754123741738,AOI-0064
2025-08-31,0.2122541619909006,AOI-0064
2025-09-13,0.1715577292122934,AOI-0064
2025-10-06,0.18812141378384575,AOI-0064
2025-10-13,0.1927195765828786,AOI-0064
2025-04-19,0.41711293177090125,AOI-0065
2025-05-01,0.47317825808803327,AOI-0065
2025-06-04,0.5583650877994352,AOI-0065
2025-06-05,0.5408091375736517,AOI-0065
2025-06-08,0.5206079279753368,AOI-0065
2025-06-26,0.6189689174341142,AOI-0065
2025-07-15,0.4420013276468101,AOI-0065
2025-07-18,0.41039907321173874,AOI-0065
2025-08-07,0.19305686603803474,AOI-0065
2025-08-17,0.21656581282432613,AOI-0065
2025-09-14,0.264180821570766,AOI-0065
2025-09-25,0.19866618390378044,AOI-0065
2025-09-30,0.3070373461217258,AOI-0065
2025-10-08,0.23613513469421307,AOI-0065
2025-06-05,0.5132579358304615,AOI-0066
2025-07-05,0.809392499498782,AOI-0066
2025-07-15,0.6932412852090158,AOI-0066
2025-07-25,0.5515828255610038,AOI-0066
2025-07-27,0.5105950718854635,AOI-0066
2025-08-14,0.30074016431217165,AOI-0066
2025-09-01,0.1760497144368801,AOI-0066
2010-04-25,0.17391697399913822,AOI-0067
2010-06-20,0.18255758897268834,AOI-0067
2010-06-26,0.26558832040486646,AOI-0067
2010-07-13,0.19806907934558285,AOI-0067
2010-07-21,0.15721844975967605,AOI-0067
2010-08-06,0.14588391277146423,AOI-0067
2010-08-07,0.15426950576054393,AOI-0067
2010-08-15,0.14344948748203792,AOI-0067
2010-09-23,0.150572542480009,AOI-0067
2010-10-09,0.15469472653328903,AOI-0067
2011-05-09,0.35443403974390864,AOI-0067
2011-05-14,0.2087630865441807,AOI-0067
2011-09-03,0.30692982394049506,AOI-0067
2011-09-19,0.3166103131791957,AOI-0067
2012-05-08,0.37376237938540957,AOI-0067
2012-06-09,0.20335128678315997,AOI-0067
2012-07-27,0.15497429267002105,AOI-0067
2012-09-29,0.15370949425970917,AOI-0067
2013-07-30,0.23686369928520545,AOI-0067
2013-08-29,0.3530610107425775,AOI-0067
2014-05-21,0.1689342882906415,AOI-0067
2014-05-25,0.3204096932102694,AOI-0067
2014-06-06,0.20110700627717615,AOI-0067
2014-06-07,0.21617783572074703,AOI-0067
2014-07-01,0.22122370333283098,AOI-0067
2014-07-16,0.20563895298806634,AOI-0067
2014-07-17,0.17956231534847295,AOI-0067
2014-09-14,0.23542438242443464,AOI-0067
2014-10-12,0.13595022685018832,AOI-0067
2015-04-15,0.1676020953507773,AOI-0067
2015-05-09,0.3173744614666341,AOI-0067
2015-06-02,0.22012405195701976,AOI-0067
2015-06-18,0.2389545596021283,AOI-0067
2015-07-12,0.435210107833329,AOI-0067
2015-07-20,0.3859180016553728,AOI-0067
2015-08-29,0.44136441533390025,AOI-0067
2015-09-14,0.37045926348989017,AOI-0067
2015-09-29,0.2661034885935768,AOI-0067
2016-05-03,0.2649366237096106,AOI-0067
2016-05-10,0.22767976032764398,AOI-0067
2016-05-11,0.24631822079429438,AOI-0067
2016-06-25,0.24744939716771755,AOI-0067
2016-07-14,0.21124516248546876,AOI-0067
2016-07-27,0.3583819451696811,AOI-0067
2016-09-29,0.27002312586191546,AOI-0067
2016-10-25,0.19925231198016172,AOI-0067
2017-04-04,0.15236281453943745,AOI-0067
2017-04-28,0.14601877477174838,AOI-0067
2017-05-05,0.17129892728390653,AOI-0067
2017-06-07,0.30607654511254345,AOI-0067
2017-07-09,0.4506691543778807,AOI-0067
2017-07-25,0.5162977488238131,AOI-0067
2017-08-02,0.5182906118027988,AOI-0067
2017-08-11,0.49628962558227635,AOI-0067
2017-08-13,0.4769321345694612,AOI-0067
2017-08-29,0.5098678699497576,AOI-0067
2017-09-14,0.4735423407199093,AOI-0067
2017-09-20,0.4141635343930089,AOI-0067
2018-04-06,0.16904844884582237,AOI-0067
2018-04-23,0.2670280163051939,AOI-0067
2018-05-25,0.24183301782843847,AOI-0067
2018-07-11,0.16560489771827575,AOI-0067
2018-08-29,0.1910867951456969,AOI-0067
2019-05-08,0.7453405938463438,AOI-0067
2019-05-28,0.8222971806079306,AOI-0067
2019-06-12,0.46113553569480376,AOI-0067
2019-07-12,0.2321187876327156,AOI-0067
2019-07-14,0.16968748234438275,AOI-0067
2019-07-28,0.42279329601822,AOI-0067
2019-08-08,0.4137833489347695,AOI-0067
2019-08-11,0.40001166812903216,AOI-0067
2019-08-29,0.31755419528030004,AOI-0067
2019-09-05,0.26325161692812016,AOI-0067
2019-09-16,0.27380352402178787,AOI-0067
2019-09-24,0.26708916830922724,AOI-0067
2019-10-02,0.30305954254638323,AOI-0067
2019-10-03,0.2881348061195464,AOI-0067
2019-10-15,0.3028715443235564,AOI-0067
2020-04-22,0.19597173509251778,AOI-0067
2020-04-27,0.14776905438454557,AOI-0067
2020-05-02,0.161769223007229,AOI-0067
2020-05-08,0.28858394725276576,AOI-0067
2020-07-06,0.5654636957032485,AOI-0067
2020-07-25,0.37302473659261315,AOI-0067
2020-07-26,0.36394084335535654,AOI-0067
2020-07-27,0.3714031493568131,AOI-0067
2020-08-25,0.34105753473692235,AOI-0067
2020-10-15,0.24603088161985803,AOI-0067
2021-05-16,0.2780391949850526,AOI-0067
2021-06-06,0.5989101194594916,AOI-0067
2021-06-16,0.6770171056804968,AOI-0067
2021-06-18,0.6759892301021,AOI-0067
2021-07-04,0.41979054963465834,AOI-0067
2021-08-30,0.3030006149758187,AOI-0067
2021-09-09,0.3214306910269897,AOI-0067
2021-10-09,0.1607533134625489,AOI-0067
2022-04-02,0.14069184501027185,AOI-0067
2022-04-23,0.30809637405784185,AOI-0067
2022-04-26,0.2266270650614353,AOI-0067
2022-06-01,0.18683887271640498,AOI-0067
2022-07-01,0.5801776215710105,AOI-0067
2022-08-23,0.43602045885739915,AOI-0067
2022-08-24,0.423260074422956,AOI-0067
2022-08-29,0.3734314234502807,AOI-0067
2022-09-01,0.3391181426747493,AOI-0067
2022-09-25,0.390121215467551,AOI-0067
2022-10-09,0.2938040521024928,AOI-0067
2022-10-14,0.28457167775316217,AOI-0067
2023-04-23,0.2852047148431861,AOI-0067
2023-05-31,0.22290044529484826,AOI-0067
2023-06-30,0.6628650865396741,AOI-0067
2023-07-12,0.5720169266365939,AOI-0067
2023-07-21,0.5678778320599529,AOI-0067
2023-07-27,0.49587002348533327,AOI-0067
2023-08-26,0.2993416994137089,AOI-0067
2023-09-24,0.20906660836881702,AOI-0067
2023-09-27,0.2332781085711788,AOI-0067
2023-10-05,0.26899803391537913,AOI-0067
2023-10-13,0.21280694528361346,AOI-0067
2024-04-01,0.20162477837662274,AOI-0067
2024-04-11,0.2117754170939585,AOI-0067
2024-05-09,0.4712550584746773,AOI-0067
2024-05-24,0.6336890400757214,AOI-0067
2024-07-05,0.26920346991186705,AOI-0067
2024-07-10,0.25482760504260454,AOI-0067
2024-08-29,0.14331909557599315,AOI-0067
2024-09-06,0.16670024404533346,AOI-0067
2024-09-23,0.1388090403753943,AOI-0067
2025-04-17,0.16264317075705856,AOI-0067
2025-04-23,0.23284931622956587,AOI-0067
2025-04-28,0.13464912307694243,AOI-0067
2025-06-05,0.16100294310423055,AOI-0067
2025-06-21,0.29564164112312585,AOI-0067
2025-06-26,0.37453795102461973,AOI-0067
2025-07-05,0.441695269571259,AOI-0067
2025-07-14,0.5154246686999748,AOI-0067
2025-07-15,0.5140961158726493,AOI-0067
2025-08-06,0.5670973231650185,AOI-0067
2025-09-01,0.4038367698559899,AOI-0067
2025-09-23,0.25934977885125554,AOI-0067
2025-10-03,0.21974107865598294,AOI-0067
2010-04-16,0.1176873489333606,AOI-0068
2010-05-02,0.14446608791610493,AOI-0068
2010-05-09,0.33944387822409083,AOI-0068
2010-06-20,0.17334091819284345,AOI-0068
2010-07-13,0.17010334641399869,AOI-0068
2010-07-14,0.15252416140250452,AOI-0068
2010-07-28,0.222025473373879,AOI-0068
2010-08-07,0.15836793677438898,AOI-0068
2010-08-29,0.21465809701011263,AOI-0068
2011-04-07,0.4555076672717714,AOI-0068
2011-05-30,0.6093836645863182,AOI-0068
2011-06-15,0.39851743074594526,AOI-0068
2011-06-23,0.27491539672573423,AOI-0068
2011-07-16,0.20748455574189284,AOI-0068
2011-08-09,0.1671863646311401,AOI-0068
2011-09-03,0.1937776980971789,AOI-0068
2012-07-27,0.1752010298537103,AOI-0068
2012-08-03,0.15618996936073282,AOI-0068
2012-10-22,0.15919577146838593,AOI-0068
2013-06-19,0.2565432067792226,AOI-0068
2013-06-27,0.24854665599480766,AOI-0068
2013-07-28,0.28209115192813006,AOI-0068
2014-04-27,0.44734745289914574,AOI-0068
2014-07-28,0.213641145230926,AOI-0068
2014-08-17,0.1813610064541294,AOI-0068
2014-08-25,0.14618422010541038,AOI-0068
2014-10-05,0.13823832000953418,AOI-0068
2014-10-16,0.2076438305491181,AOI-0068
2014-10-29,0.17001985254462548,AOI-0068
2015-06-09,0.33322695086730186,AOI-0068
2015-07-27,0.26452515381400915,AOI-0068
2015-08-04,0.27234401654427437,AOI-0068
2016-05-02,0.2899754096548045,AOI-0068
2016-05-11,0.2905301699799329,AOI-0068
2016-07-14,0.32765107457769627,AOI-0068
2016-08-28,0.29709941630941505,AOI-0068
2016-09-13,0.2743811296167163,AOI-0068
2016-09-29,0.3546347851552194,AOI-0068
2017-05-14,0.4984662130380465,AOI-0068
2017-06-10,0.5032693607059792,AOI-0068
2017-06-22,0.3902490465819292,AOI-0068
2017-06-27,0.30224906951441405,AOI-0068
2017-07-12,0.27550782343473057,AOI-0068
2017-08-02,0.19816901218086092,AOI-0068
2017-08-11,0.14160545313110268,AOI-0068
2017-08-13,0.21091436464635044,AOI-0068
2017-09-02,0.15203342376894777,AOI-0068
2017-09-03,0.20625176698727643,AOI-0068
2018-04-28,0.2503816995551234,AOI-0068
2018-05-09,0.3950324825565924,AOI-0068
2018-06-07,0.20100869270586086,AOI-0068
2018-07-11,0.1813521603924868,AOI-0068
2018-08-28,0.17467457934363037,AOI-0068
2018-09-06,0.1715019348649852,AOI-0068
2018-09-21,0.13549811560881148,AOI-0068
2019-05-25,0.6291688872343756,AOI-0068
2019-05-28,0.5775069405049603,AOI-0068
2019-06-28,0.21495323029173302,AOI-0068
2019-08-07,0.23556195435223487,AOI-0068
2019-09-01,0.19004150463639202,AOI-0068
2019-09-05,0.1644468163496146,AOI-0068
2019-09-15,0.17597403126674735,AOI-0068
2019-09-24,0.22304239289310787,AOI-0068
2019-09-25,0.20365560283544853,AOI-0068
2019-09-30,0.2909387327059998,AOI-0068
2019-10-02,0.252855408499066,AOI-0068
2019-10-25,0.3322710873711719,AOI-0068
2020-04-02,0.30492820867112047,AOI-0068
2020-04-06,0.41407018690327585,AOI-0068
2020-04-12,0.31138588304487425,AOI-0068
2020-04-19,0.3047071086972982,AOI-0068
2020-06-26,0.18724168553672382,AOI-0068
2020-07-27,0.19306426774261792,AOI-0068
2020-07-31,0.13635547029487816,AOI-0068
2020-09-03,0.15935826607243372,AOI-0068
2020-10-05,0.14656042218369442,AOI-0068
2020-10-20,0.1773178781537207,AOI-0068
2021-05-01,0.29236439406160375,AOI-0068
2021-05-16,0.48885673193228135,AOI-0068
2021-06-11,0.46737954597759374,AOI-0068
2021-06-16,0.4271532866625694,AOI-0068
2021-07-19,0.2518933452799351,AOI-0068
2021-07-31,0.19677087823405148,AOI-0068
2021-09-30,0.4321719297484981,AOI-0068
2022-04-02,0.29779351131824106,AOI-0068
2022-04-12,0.3325931146091061,AOI-0068
2022-04-23,0.4916230483688186,AOI-0068
2022-05-12,0.5251300383404994,AOI-0068
2022-05-27,0.3675356959967122,AOI-0068
2022-06-08,0.3309235942237463,AOI-0068
2022-06-20,0.24561450907966675,AOI-0068
2022-07-01,0.18174411102500931,AOI-0068
2022-07-14,0.1917457021509272,AOI-0068
2022-07-30,0.17862426389508537,AOI-0068
2022-08-15,0.16333042999476668,AOI-0068
2023-04-03,0.48536189433822086,AOI-0068
2023-04-17,0.48682934966148866,AOI-0068
2023-05-09,0.6406479206195734,AOI-0068
2023-06-06,0.5232697337059498,AOI-0068
2023-06-30,0.27671148865426876,AOI-0068
2023-07-05,0.24013737257831558,AOI-0068
2023-08-03,0.2513578378206549,AOI-0068
2023-08-13,0.28843860358480616,AOI-0068
2023-09-03,0.33478012108124794,AOI-0068
2023-09-24,0.3236201590185715,AOI-0068
2023-10-06,0.3109956800902003,AOI-0068
2023-10-11,0.2795884432520457,AOI-0068
2024-05-01,0.23316527148315225,AOI-0068
2024-05-09,0.20629208907945146,AOI-0068
2024-06-15,0.16131531357252193,AOI-0068
2024-08-05,0.1754312936064204,AOI-0068
2024-08-09,0.12746851839013082,AOI-0068
2024-08-19,0.14158563589661577,AOI-0068
2024-08-28,0.18610691096794144,AOI-0068
2024-09-08,0.14669198890013824,AOI-0068
2024-09-14,0.19701559449215483,AOI-0068
2024-09-29,0.1885805008019816,AOI-0068
2024-10-13,0.13662585629734983,AOI-0068
2025-05-08,0.6724553189412568,AOI-0068
2025-05-11,0.6795766442398499,AOI-0068
2025-05-20,0.6927604038570292,AOI-0068
2025-06-10,0.42439912451835715,AOI-0068
2025-06-15,0.35823818629968907,AOI-0068
2025-06-17,0.3289294064564471,AOI-0068
2025-06-30,0.2198635542598852,AOI-0068
2025-07-22,0.19646662832885434,AOI-0068
2025-07-28,0.2388915931217203,AOI-0068
2025-08-13,0.25542799182257,AOI-0068
2025-08-14,0.18033789685554674,AOI-0068
2025-08-23,0.21308584263423516,AOI-0068
2025-08-24,0.18295959734890752,AOI-0068
2025-09-08,0.17733497602153023,AOI-0068
2025-09-14,0.26347867698579397,AOI-0068
2025-09-24,0.2325981640986185,AOI-0068
2025-04-16,0.15295675862735897,AOI-0069
2025-04-21,0.14795165301748134,AOI-0069
2025-04-23,0.25488018952705277,AOI-0069
2025-05-01,0.15230298513374044,AOI-0069
2025-05-11,0.23939543738317073,AOI-0069
2025-05-25,0.4785983929691333,AOI-0069
2025-05-28,0.4343168304398204,AOI-0069
2025-06-10,0.4050541532462055,AOI-0069
2025-06-25,0.2344634272107009,AOI-0069
2025-06-26,0.30624409636409333,AOI-0069
2025-07-05,0.19779576779442593,AOI-0069
2025-07-06,0.2329377538929465,AOI-0069
2025-07-22,0.161335399208211,AOI-0069
2025-08-07,0.15376890530717086,AOI-0069
2025-08-14,0.13723102263082051,AOI-0069
2025-09-01,0.15718418018289002,AOI-0069
2025-09-14,0.2062114408771966,AOI-0069
2025-09-24,0.1799186301545928,AOI-0069
2025-09-25,0.15534836942847224,AOI-0069
2025-09-28,0.14781745006372757,AOI-0069
2025-05-11,0.2533490240694108,AOI-0070
2025-05-25,0.37923946376300466,AOI-0070
2025-06-07,0.20999733605798204,AOI-0070
2025-06-10,0.24768740341449572,AOI-0070
2025-06-25,0.18634146744721472,AOI-0070
2025-07-12,0.2532503713653789,AOI-0070
2025-08-24,0.15509906234936024,AOI-0070
2025-08-31,0.16948485090631377,AOI-0070
2025-09-25,0.1672242416505371,AOI-0070
2025-10-02,0.19349470376579403,AOI-0070
2025-10-13,0.1732974384157722,AOI-0070
2025-10-23,0.234755887256483,AOI-0070
2025-04-16,0.32179822249409185,AOI-0071
2025-04-18,0.3257115348746108,AOI-0071
2025-04-21,0.3209625884708128,AOI-0071
2025-05-25,0.41059548890289765,AOI-0071
2025-06-26,0.5603223797997777,AOI-0071
2025-07-06,0.5717855105520353,AOI-0071
2025-07-07,0.5128652569186994,AOI-0071
2025-07-12,0.4902667250571924,AOI-0071
2025-08-13,0.43042799227865947,AOI-0071
2025-08-23,0.3824906108141955,AOI-0071
2025-08-24,0.3586540325264514,AOI-0071
2025-08-26,0.3628777426263629,AOI-0071
2025-08-29,0.38557472022068995,AOI-0071
2025-09-01,0.35204237538843663,AOI-0071
2025-09-15,0.30831627559424163,AOI-0071
2025-09-28,0.2843622249721306,AOI-0071
2025-05-08,0.7892956550670036,AOI-0072
2025-06-04,0.6599968851777742,AOI-0072
2025-07-05,0.1828425362798698,AOI-0072
2025-07-06,0.22273495264503057,AOI-0072
2025-07-14,0.19603199227008114,AOI-0072
2025-07-17,0.15707768513296788,AOI-0072
2025-08-07,0.14693535025644178,AOI-0072
2025-08-19,0.16154930070963142,AOI-0072
2025-08-29,0.1951771126547437,AOI-0072
2025-09-03,0.14743536630315002,AOI-0072
2025-09-15,0.16350272128719368,AOI-0072
2025-09-16,0.1717223341654896,AOI-0072
2025-09-30,0.23426369687660456,AOI-0072
2025-10-03,0.15223196178059276,AOI-0072
2025-10-13,0.1501907386189417,AOI-0072
2010-06-26,0.5854830433689701,AOI-0073
2010-07-12,0.5327673936775477,AOI-0073
2011-04-07,0.27922339971474003,AOI-0073
2011-07-14,0.5490506063486174,AOI-0073
2011-09-14,0.3863501419815995,AOI-0073
2012-04-22,0.4977293143119811,AOI-0073
2012-04-27,0.377189929155913,AOI-0073
2012-05-24,0.6474473716867708,AOI-0073
2012-09-29,0.29692902652597114,AOI-0073
2013-04-03,0.1961678968854095,AOI-0073
2013-06-10,0.5281316971165299,AOI-0073
2013-06-25,0.5189306788880765,AOI-0073
2013-07-12,0.5413998883284674,AOI-0073
2013-07-28,0.5796359192775055,AOI-0073
2013-09-30,0.42477524430814595,AOI-0073
2014-05-27,0.5736045476605374,AOI-0073
2014-07-12,0.7318592243171618,AOI-0073
2014-07-30,0.6558763447871699,AOI-0073
2014-08-13,0.44760143815592107,AOI-0073
2014-09-14,0.3936516637920795,AOI-0073
2014-10-10,0.23509567718794766,AOI-0073
2015-05-22,0.38667536619982834,AOI-0073
2015-05-30,0.43145436387367575,AOI-0073
2015-06-10,0.5909190218633832,AOI-0073
2015-06-15,0.5037401177171669,AOI-0073
2015-07-01,0.6324570316065654,AOI-0073
2015-07-09,0.6040346385676564,AOI-0073
2015-08-26,0.3235040258756158,AOI-0073
2015-10-05,0.21287460904584138,AOI-0073
2016-04-06,0.5460291558222978,AOI-0073
2017-04-23,0.3388808482940182,AOI-0073
2017-06-04,0.3690929383690369,AOI-0073
2017-06-12,0.5349847831058467,AOI-0073
2017-07-06,0.7710199570275783,AOI-0073
2017-07-18,0.8067248486609608,AOI-0073
2017-08-07,0.7030330614157072,AOI-0073
2017-08-12,0.6585320387365201,AOI-0073
2017-10-11,0.29003056964003493,AOI-0073
2017-10-16,0.31909318145435456,AOI-0073
2018-04-16,0.1669589188703858,AOI-0073
2019-05-17,0.3337647085673693,AOI-0073
2019-05-19,0.3115942408750415,AOI-0073
2019-06-03,0.5307385748673698,AOI-0073
2019-07-13,0.7051376813720989,AOI-0073
2019-08-07,0.6204176022879009,AOI-0073
2019-08-12,0.5739160342301066,AOI-0073
2019-09-06,0.3518344915513423,AOI-0073
2019-09-11,0.33532257446701186,AOI-0073
2019-09-15,0.2799996100830437,AOI-0073
2019-09-16,0.28286601280933277,AOI-0073
2019-09-28,0.23187764579066333,AOI-0073
2019-10-16,0.28747207117643364,AOI-0073
2019-10-26,0.23002019671421198,AOI-0073
2020-04-05,0.1359066595825707,AOI-0073
2020-04-15,0.12759356036875275,AOI-0073
2020-04-22,0.36848396754646845,AOI-0073
2020-05-18,0.6007327578627286,AOI-0073
2020-07-04,0.2933746503749716,AOI-0073
2020-07-06,0.29718801017177265,AOI-0073
2020-07-24,0.21799957657865726,AOI-0073
2020-07-29,0.18795367682693753,AOI-0073
2020-08-12,0.2738001076790768,AOI-0073
2020-09-01,0.22208622788776622,AOI-0073
2020-09-20,0.16545902504823345,AOI-0073
2020-10-20,0.21541270325677853,AOI-0073
2020-10-26,0.14646546120913734,AOI-0073
2021-05-06,0.25205225782439333,AOI-0073
2021-05-13,0.21061936222563185,AOI-0073
2021-05-15,0.20200433928845035,AOI-0073
2021-06-29,0.7509277989227701,AOI-0073
2021-07-25,0.7427378112728574,AOI-0073
2021-08-02,0.7008472270746726,AOI-0073
2021-09-07,0.31701096399411893,AOI-0073
2021-09-14,0.3291379710615654,AOI-0073
2021-09-15,0.28504223527296924,AOI-0073
2022-04-23,0.2928502373320029,AOI-0073
2022-04-25,0.1657847556685729,AOI-0073
2022-06-04,0.25529441909531186,AOI-0073
2022-06-07,0.26050432962728903,AOI-0073
2022-06-09,0.255913630921426,AOI-0073
2022-06-14,0.43143028264058053,AOI-0073
2022-07-05,0.7737112984034551,AOI-0073
2022-07-07,0.7786100218409489,AOI-0073
2022-09-10,0.3697742641839995,AOI-0073
2022-09-30,0.3454109066069903,AOI-0073
2023-04-02,0.19311227730688144,AOI-0073
2023-04-28,0.2701598164452398,AOI-0073
2023-05-03,0.2940347305733346,AOI-0073
2023-05-05,0.2690326765316913,AOI-0073
2023-05-13,0.3547671400059664,AOI-0073
2023-06-04,0.5540096708932113,AOI-0073
2023-06-07,0.5668632534706979,AOI-0073
2023-07-25,0.3455321420483104,AOI-0073
2023-07-31,0.24050035436398987,AOI-0073
2023-08-06,0.257184110596505,AOI-0073
2023-08-16,0.2874775143798173,AOI-0073
2023-08-28,0.23033846561327814,AOI-0073
2023-09-07,0.21722610990260188,AOI-0073
2023-09-12,0.20517017608515492,AOI-0073
2023-09-29,0.22266550283383224,AOI-0073
2023-10-11,0.245921992940053,AOI-0073
2023-10-15,0.2439769284242654,AOI-0073
2024-04-14,0.4717005243728284,AOI-0073
2024-04-20,0.5807551547992514,AOI-0073
2024-05-06,0.6300578259823931,AOI-0073
2024-05-07,0.6322234281547168,AOI-0073
2024-06-23,0.3700919933810996,AOI-0073
2024-07-03,0.26629874279834065,AOI-0073
2024-07-11,0.364209717887022,AOI-0073
2024-07-13,0.27114207223811426,AOI-0073
2024-07-21,0.24640392718471243,AOI-0073
2024-07-25,0.21670787734030048,AOI-0073
2024-08-12,0.21114022179241837,AOI-0073
2024-08-28,0.27994853773275186,AOI-0073
2024-09-01,0.18150256712855567,AOI-0073
2024-09-13,0.22590903100084198,AOI-0073
2024-09-29,0.22686071352112966,AOI-0073
2025-04-07,0.28574194132098685,AOI-0073
2025-04-15,0.21383580216896025,AOI-0073
2025-04-19,0.18575595289974323,AOI-0073
2025-04-22,0.184068213543406,AOI-0073
2025-04-23,0.28649495790624135,AOI-0073
2025-04-29,0.17339370033740592,AOI-0073
2025-05-11,0.23880311304926696,AOI-0073
2025-05-22,0.20338915693036777,AOI-0073
2025-05-29,0.31410506695903845,AOI-0073
2025-06-03,0.3541240514294036,AOI-0073
2025-06-30,0.8124984551780124,AOI-0073
2025-07-06,0.7950363324533982,AOI-0073
2025-07-08,0.7991299769383393,AOI-0073
2025-07-28,0.7260825878358019,AOI-0073
2025-08-05,0.681922716722978,AOI-0073
2025-08-07,0.6605441350216077,AOI-0073
2025-08-22,0.44652066561169745,AOI-0073
2025-08-27,0.4014019327612591,AOI-0073
2025-09-22,0.30302636821647494,AOI-0073
2010-07-12,0.3458135931567008,AOI-0074
2010-08-29,0.2941930346738341,AOI-0074
2011-05-27,0.3316489325409229,AOI-0074
2011-06-20,0.5996171541971405,AOI-0074
2011-06-26,0.7520795145358923,AOI-0074
2011-07-06,0.7381724076685934,AOI-0074
2011-09-24,0.2905420979898991,AOI-0074
2013-06-25,0.4357444923000573,AOI-0074
2013-07-03,0.3786471711458391,AOI-0074
2013-07-11,0.3444550809887661,AOI-0074
2013-08-13,0.3438395666206508,AOI-0074
2014-07-14,0.8025729099849169,AOI-0074
2014-07-28,0.6749460209487116,AOI-0074
2014-09-14,0.33716464317661465,AOI-0074
2014-10-16,0.26630481135602424,AOI-0074
2015-04-23,0.33419386362590947,AOI-0074
2015-04-28,0.1950742704535154,AOI-0074
2015-07-25,0.6796584346588739,AOI-0074
2015-10-16,0.2528004669703381,AOI-0074
2015-10-29,0.18834398657309645,AOI-0074
2016-08-12,0.31981406782370614,AOI-0074
2016-08-20,0.2758827956975033,AOI-0074
2017-04-23,0.33171298594562226,AOI-0074
2017-05-04,0.23312482364467133,AOI-0074
2017-05-06,0.2443705514436833,AOI-0074
2017-06-04,0.41440801081964196,AOI-0074
2017-06-05,0.3332116246212751,AOI-0074
2017-06-10,0.5915149250853748,AOI-0074
2017-06-20,0.5967648422671792,AOI-0074
2017-06-26,0.7709185813122624,AOI-0074
2017-07-18,0.7941042555330835,AOI-0074
2017-08-07,0.6751117646265758,AOI-0074
2017-08-17,0.5224209557085719,AOI-0074
2017-09-16,0.28801235142684084,AOI-0074
2017-10-11,0.24494124833202024,AOI-0074
2017-10-16,0.28773513351769725,AOI-0074
2018-04-04,0.1496268017255192,AOI-0074
2018-04-23,0.3401127881217263,AOI-0074
2018-05-06,0.32658019974800745,AOI-0074
2018-05-11,0.37065220352493,AOI-0074
2018-05-22,0.3994873483976193,AOI-0074
2018-05-26,0.41293689638690345,AOI-0074
2018-05-30,0.413256413821754,AOI-0074
2018-07-13,0.7475815706072981,AOI-0074
2018-08-18,0.7615485390854974,AOI-0074
2018-09-14,0.38221582404963345,AOI-0074
2018-09-19,0.3208411190300806,AOI-0074
2018-09-30,0.2908966107952803,AOI-0074
2019-04-23,0.18334305305576357,AOI-0074
2019-05-04,0.1781484932334212,AOI-0074
2019-05-14,0.23921261041938374,AOI-0074
2019-05-16,0.226994231119913,AOI-0074
2019-05-31,0.431194674236185,AOI-0074
2019-06-13,0.674696062595635,AOI-0074
2019-07-13,0.7037783000017542,AOI-0074
2019-08-05,0.6914132895726913,AOI-0074
2019-08-09,0.625743552321018,AOI-0074
2019-09-14,0.3045862626285352,AOI-0074
2020-04-09,0.1711540226934073,AOI-0074
2020-07-06,0.23761493876913453,AOI-0074
2020-07-22,0.2209690753660019,AOI-0074
2020-08-07,0.22028821497508994,AOI-0074
2020-08-26,0.1503014147711094,AOI-0074
2020-09-07,0.16238446731736159,AOI-0074
2020-09-08,0.21886712010700085,AOI-0074
2020-09-12,0.17588432287590464,AOI-0074
2020-10-07,0.15890141848644773,AOI-0074
2020-10-12,0.13146605030021757,AOI-0074
2020-10-18,0.2277754179020906,AOI-0074
2020-10-22,0.1274080407523046,AOI-0074
2021-04-25,0.1897906622782004,AOI-0074
2021-06-23,0.6201877848953786,AOI-0074
2021-06-27,0.6816601178654583,AOI-0074
2021-07-17,0.7410085295736983,AOI-0074
2021-08-03,0.5806906932433894,AOI-0074
2021-08-06,0.5672640249358589,AOI-0074
2021-08-19,0.4455165045268136,AOI-0074
2021-09-03,0.3802813292843116,AOI-0074
2021-10-06,0.2194804310758016,AOI-0074
2021-10-17,0.19764290251522115,AOI-0074
2021-10-20,0.23233957256368012,AOI-0074
2021-10-27,0.24528432805246575,AOI-0074
2022-05-30,0.19467255639683229,AOI-0074
2022-07-12,0.742480856884957,AOI-0074
2022-08-29,0.4819494643916589,AOI-0074
2022-10-16,0.3278483608214727,AOI-0074
2023-04-28,0.22822479044416086,AOI-0074
2023-05-30,0.419324036230887,AOI-0074
2023-06-09,0.5884227391850834,AOI-0074
2023-06-19,0.4262005270819364,AOI-0074
2023-07-14,0.2845395463401883,AOI-0074
2023-08-16,0.2723543688946033,AOI-0074
2023-09-14,0.23245935924663885,AOI-0074
2023-10-11,0.25212810945292574,AOI-0074
2024-04-17,0.5214486509537536,AOI-0074
2024-05-08,0.6668574821848281,AOI-0074
2024-05-09,0.5979041504728622,AOI-0074
2024-06-06,0.5237257715357511,AOI-0074
2024-07-08,0.2763060112658465,AOI-0074
2024-07-18,0.247858092489616,AOI-0074
2024-07-27,0.26530427343220786,AOI-0074
2024-08-12,0.17811656836674353,AOI-0074
2024-08-28,0.2549049710493083,AOI-0074
2024-09-04,0.21516890883844877,AOI-0074
2024-09-09,0.1548432233102076,AOI-0074
2025-04-07,0.2810691911044386,AOI-0074
2025-04-15,0.20460069598320602,AOI-0074
2025-05-12,0.20277308275263042,AOI-0074
2025-05-14,0.1851020021404862,AOI-0074
2025-06-01,0.30105027453255717,AOI-0074
2025-06-10,0.5380247230189297,AOI-0074
2025-07-06,0.7972413001944293,AOI-0074
2025-07-16,0.665271529795419,AOI-0074
2025-08-05,0.6337737640146353,AOI-0074
2025-08-19,0.4628679555220788,AOI-0074
2025-09-08,0.2352289986532689,AOI-0074
2025-09-22,0.27255163673808264,AOI-0074
2025-10-01,0.2334176344825188,AOI-0074
2025-10-26,0.2345054229593084,AOI-0074
2025-04-07,0.3652443825999603,AOI-0075
2025-04-12,0.24433263645639125,AOI-0075
2025-07-12,0.5743542191062034,AOI-0075
2025-07-18,0.5193281865019298,AOI-0075
2025-08-21,0.4799367459144449,AOI-0075
2025-08-30,0.45481295976843067,AOI-0075
2025-09-08,0.4393435481405256,AOI-0075
2025-09-16,0.30227944440692384,AOI-0075
2025-09-21,0.2563540994826736,AOI-0075
2025-10-29,0.29463598295975657,AOI-0075
2025-04-19,0.21969385052063667,AOI-0076
2025-05-01,0.23623029391961176,AOI-0076
2025-05-11,0.25383541370893625,AOI-0076
2025-05-25,0.5342650228834154,AOI-0076
2025-07-10,0.806535238397412,AOI-0076
2025-07-31,0.7281091397321398,AOI-0076
2025-08-21,0.39096680166207226,AOI-0076
2025-08-27,0.3289088504651141,AOI-0076
2025-09-01,0.2962593728588181,AOI-0076
2025-09-21,0.22565222033743215,AOI-0076
2025-09-22,0.26374125748686816,AOI-0076
2025-10-01,0.2195695926690322,AOI-0076
2025-10-04,0.21416755207432456,AOI-0076
2025-05-09,0.7557510519149007,AOI-0077
2025-06-06,0.5342106172050837,AOI-0077
2025-06-21,0.3988866787512847,AOI-0077
2025-07-12,0.30953081436363944,AOI-0077
2025-08-22,0.17024597823614315,AOI-0077
2025-08-27,0.17018189859615745,AOI-0077
2025-08-30,0.23820558070603953,AOI-0077
2025-09-11,0.18571345726051564,AOI-0077
2025-09-22,0.24680851118503738,AOI-0077
2025-05-02,0.7606302695659393,AOI-0078
2025-05-25,0.7684499099646781,AOI-0078
2025-06-01,0.610420075742411,AOI-0078
2025-06-03,0.6408721654966487,AOI-0078
2025-06-06,0.6329890542845711,AOI-0078
2025-06-10,0.613931724634585,AOI-0078
2025-07-04,0.2819241333080429,AOI-0078
2025-07-10,0.1854646724454389,AOI-0078
2025-07-11,0.21338018940726292,AOI-0078
2025-07-13,0.18810806055605417,AOI-0078
2025-08-10,0.2747198540583422,AOI-0078
2025-08-15,0.2092131689163502,AOI-0078
2025-09-08,0.1595432866750759,AOI-0078
2025-10-04,0.2253851242057372,AOI-0078
